Analysis & Synthesis report for altera_de10
Fri Apr 17 14:20:03 2026
Quartus Prime Version 24.1std.0 Build 1077 03/04/2025 SC Lite Edition


---------------------
; Table of Contents ;
---------------------
  1. Legal Notice
  2. Analysis & Synthesis Summary
  3. Analysis & Synthesis Settings
  4. Parallel Compilation
  5. Analysis & Synthesis Source Files Read
  6. Analysis & Synthesis Resource Usage Summary
  7. Analysis & Synthesis Resource Utilization by Entity
  8. Analysis & Synthesis RAM Summary
  9. Registers Removed During Synthesis
 10. General Register Statistics
 11. Inverted Register Statistics
 12. Physical Synthesis Netlist Optimizations
 13. Registers Packed Into Inferred Megafunctions
 14. Multiplexer Restructuring Statistics (No Restructuring Performed)
 15. Source assignments for riscv:CPU|registers:regs|altsyncram:registerFile_rtl_0|altsyncram_k8l1:auto_generated
 16. Source assignments for riscv:CPU|registers:regs|altsyncram:registerFile_rtl_1|altsyncram_k8l1:auto_generated
 17. Source assignments for mem_rom:prog_rom|altsyncram:memory_rtl_0|altsyncram_8m61:auto_generated
 18. Source assignments for mem_ram:data_ram|altsyncram:memory_rtl_0|altsyncram_11l1:auto_generated
 19. Parameter Settings for User Entity Instance: uart_recv:UART_r_custom
 20. Parameter Settings for User Entity Instance: uart_send:UART_s_custom
 21. Parameter Settings for Inferred Entity Instance: riscv:CPU|registers:regs|altsyncram:registerFile_rtl_0
 22. Parameter Settings for Inferred Entity Instance: riscv:CPU|registers:regs|altsyncram:registerFile_rtl_1
 23. Parameter Settings for Inferred Entity Instance: mem_rom:prog_rom|altsyncram:memory_rtl_0
 24. Parameter Settings for Inferred Entity Instance: mem_ram:data_ram|altsyncram:memory_rtl_0
 25. altsyncram Parameter Settings by Entity Instance
 26. Port Connectivity Checks: "mem_rom:prog_rom"
 27. Port Connectivity Checks: "riscv:CPU|decoder:dec"
 28. Port Connectivity Checks: "riscv:CPU"
 29. Post-Synthesis Netlist Statistics for Top Partition
 30. Elapsed Time Per Partition
 31. Analysis & Synthesis Messages



----------------
; Legal Notice ;
----------------
Copyright (C) 2025  Altera Corporation. All rights reserved.
Your use of Altera Corporation's design tools, logic functions 
and other software and tools, and any partner logic 
functions, and any output files from any of the foregoing 
(including device programming or simulation files), and any 
associated documentation or information are expressly subject 
to the terms and conditions of the Altera Program License 
Subscription Agreement, the Altera Quartus Prime License Agreement,
the Altera IP License Agreement, or other applicable license
agreement, including, without limitation, that your use is for
the sole purpose of programming logic devices manufactured by
Altera and sold by Altera or its authorized distributors.  Please
refer to the Altera Software License Subscription Agreements 
on the Quartus Prime software download page.



+--------------------------------------------------------------------------------------+
; Analysis & Synthesis Summary                                                         ;
+------------------------------------+-------------------------------------------------+
; Analysis & Synthesis Status        ; Successful - Fri Apr 17 14:20:03 2026           ;
; Quartus Prime Version              ; 24.1std.0 Build 1077 03/04/2025 SC Lite Edition ;
; Revision Name                      ; altera_de10                                     ;
; Top-level Entity Name              ; riscv_soc_altera                                ;
; Family                             ; MAX 10                                          ;
; Total logic elements               ; 2,653                                           ;
;     Total combinational functions  ; 2,560                                           ;
;     Dedicated logic registers      ; 872                                             ;
; Total registers                    ; 872                                             ;
; Total pins                         ; 25                                              ;
; Total virtual pins                 ; 0                                               ;
; Total memory bits                  ; 772,096                                         ;
; Embedded Multiplier 9-bit elements ; 0                                               ;
; Total PLLs                         ; 0                                               ;
; UFM blocks                         ; 0                                               ;
; ADC blocks                         ; 0                                               ;
+------------------------------------+-------------------------------------------------+


+------------------------------------------------------------------------------------------------------------+
; Analysis & Synthesis Settings                                                                              ;
+------------------------------------------------------------------+--------------------+--------------------+
; Option                                                           ; Setting            ; Default Value      ;
+------------------------------------------------------------------+--------------------+--------------------+
; Device                                                           ; 10M50DAF484C7G     ;                    ;
; Top-level entity name                                            ; riscv_soc_altera   ; altera_de10        ;
; Family name                                                      ; MAX 10             ; Cyclone V          ;
; Restructure Multiplexers                                         ; Off                ; Auto               ;
; Use smart compilation                                            ; Off                ; Off                ;
; Enable parallel Assembler and Timing Analyzer during compilation ; On                 ; On                 ;
; Enable compact report table                                      ; Off                ; Off                ;
; Create Debugging Nodes for IP Cores                              ; Off                ; Off                ;
; Preserve fewer node names                                        ; On                 ; On                 ;
; Intel FPGA IP Evaluation Mode                                    ; Enable             ; Enable             ;
; Verilog Version                                                  ; Verilog_2001       ; Verilog_2001       ;
; VHDL Version                                                     ; VHDL_1993          ; VHDL_1993          ;
; State Machine Processing                                         ; Auto               ; Auto               ;
; Safe State Machine                                               ; Off                ; Off                ;
; Extract Verilog State Machines                                   ; On                 ; On                 ;
; Extract VHDL State Machines                                      ; On                 ; On                 ;
; Ignore Verilog initial constructs                                ; Off                ; Off                ;
; Iteration limit for constant Verilog loops                       ; 5000               ; 5000               ;
; Iteration limit for non-constant Verilog loops                   ; 250                ; 250                ;
; Add Pass-Through Logic to Inferred RAMs                          ; On                 ; On                 ;
; Infer RAMs from Raw Logic                                        ; On                 ; On                 ;
; Parallel Synthesis                                               ; On                 ; On                 ;
; DSP Block Balancing                                              ; Auto               ; Auto               ;
; NOT Gate Push-Back                                               ; On                 ; On                 ;
; Power-Up Don't Care                                              ; On                 ; On                 ;
; Remove Redundant Logic Cells                                     ; Off                ; Off                ;
; Remove Duplicate Registers                                       ; On                 ; On                 ;
; Ignore CARRY Buffers                                             ; Off                ; Off                ;
; Ignore CASCADE Buffers                                           ; Off                ; Off                ;
; Ignore GLOBAL Buffers                                            ; Off                ; Off                ;
; Ignore ROW GLOBAL Buffers                                        ; Off                ; Off                ;
; Ignore LCELL Buffers                                             ; Off                ; Off                ;
; Ignore SOFT Buffers                                              ; On                 ; On                 ;
; Limit AHDL Integers to 32 Bits                                   ; Off                ; Off                ;
; Optimization Technique                                           ; Balanced           ; Balanced           ;
; Carry Chain Length                                               ; 70                 ; 70                 ;
; Auto Carry Chains                                                ; On                 ; On                 ;
; Auto Open-Drain Pins                                             ; On                 ; On                 ;
; Perform WYSIWYG Primitive Resynthesis                            ; Off                ; Off                ;
; Auto ROM Replacement                                             ; On                 ; On                 ;
; Auto RAM Replacement                                             ; On                 ; On                 ;
; Auto DSP Block Replacement                                       ; On                 ; On                 ;
; Auto Shift Register Replacement                                  ; Auto               ; Auto               ;
; Allow Shift Register Merging across Hierarchies                  ; Auto               ; Auto               ;
; Auto Clock Enable Replacement                                    ; On                 ; On                 ;
; Strict RAM Replacement                                           ; Off                ; Off                ;
; Allow Synchronous Control Signals                                ; On                 ; On                 ;
; Force Use of Synchronous Clear Signals                           ; Off                ; Off                ;
; Auto RAM Block Balancing                                         ; On                 ; On                 ;
; Auto RAM to Logic Cell Conversion                                ; Off                ; Off                ;
; Auto Resource Sharing                                            ; Off                ; Off                ;
; Allow Any RAM Size For Recognition                               ; Off                ; Off                ;
; Allow Any ROM Size For Recognition                               ; Off                ; Off                ;
; Allow Any Shift Register Size For Recognition                    ; Off                ; Off                ;
; Use LogicLock Constraints during Resource Balancing              ; On                 ; On                 ;
; Ignore translate_off and synthesis_off directives                ; Off                ; Off                ;
; Timing-Driven Synthesis                                          ; On                 ; On                 ;
; Report Parameter Settings                                        ; On                 ; On                 ;
; Report Source Assignments                                        ; On                 ; On                 ;
; Report Connectivity Checks                                       ; On                 ; On                 ;
; Ignore Maximum Fan-Out Assignments                               ; Off                ; Off                ;
; Synchronization Register Chain Length                            ; 2                  ; 2                  ;
; Power Optimization During Synthesis                              ; Normal compilation ; Normal compilation ;
; HDL message level                                                ; Level2             ; Level2             ;
; Suppress Register Optimization Related Messages                  ; Off                ; Off                ;
; Number of Removed Registers Reported in Synthesis Report         ; 5000               ; 5000               ;
; Number of Swept Nodes Reported in Synthesis Report               ; 5000               ; 5000               ;
; Number of Inverted Registers Reported in Synthesis Report        ; 100                ; 100                ;
; Clock MUX Protection                                             ; On                 ; On                 ;
; Auto Gated Clock Conversion                                      ; Off                ; Off                ;
; Block Design Naming                                              ; Auto               ; Auto               ;
; SDC constraint protection                                        ; Off                ; Off                ;
; Synthesis Effort                                                 ; Auto               ; Auto               ;
; Shift Register Replacement - Allow Asynchronous Clear Signal     ; On                 ; On                 ;
; Pre-Mapping Resynthesis Optimization                             ; Off                ; Off                ;
; Analysis & Synthesis Message Level                               ; Medium             ; Medium             ;
; Disable Register Merging Across Hierarchies                      ; Auto               ; Auto               ;
; Resource Aware Inference For Block RAM                           ; On                 ; On                 ;
+------------------------------------------------------------------+--------------------+--------------------+


+------------------------------------------+
; Parallel Compilation                     ;
+----------------------------+-------------+
; Processors                 ; Number      ;
+----------------------------+-------------+
; Number detected on machine ; 12          ;
; Maximum allowed            ; 6           ;
;                            ;             ;
; Average used               ; 1.00        ;
; Maximum used               ; 6           ;
;                            ;             ;
; Usage by Processor         ; % Time Used ;
;     Processor 1            ; 100.0%      ;
;     Processor 2            ;   0.1%      ;
;     Processor 3            ;   0.0%      ;
;     Processor 4            ;   0.0%      ;
;     Processor 5            ;   0.0%      ;
;     Processor 6            ;   0.0%      ;
+----------------------------+-------------+


+--------------------------------------------------------------------------------------------------------------------------------------------------------------------------------------------------------------------------------------------------------------+
; Analysis & Synthesis Source Files Read                                                                                                                                                                                                                       ;
+------------------------------------------------+-----------------+-------------------------------------------------------+-------------------------------------------------------------------------------------------------------------------------+---------+
; File Name with User-Entered Path               ; Used in Netlist ; File Type                                             ; File Name with Absolute Path                                                                                            ; Library ;
+------------------------------------------------+-----------------+-------------------------------------------------------+-------------------------------------------------------------------------------------------------------------------------+---------+
; ../src/IPs/timer/timer_ctrl.vhd                ; yes             ; User VHDL File                                        ; /users/elo/candre/Documents/RISC-V/enssat-2a-riscv-design-student/src/IPs/timer/timer_ctrl.vhd                          ;         ;
; ../src/IPs/timer/prog_cnt.vhd                  ; yes             ; User VHDL File                                        ; /users/elo/candre/Documents/RISC-V/enssat-2a-riscv-design-student/src/IPs/timer/prog_cnt.vhd                            ;         ;
; ../src/IPs/timer/cycle_cnt.vhd                 ; yes             ; User VHDL File                                        ; /users/elo/candre/Documents/RISC-V/enssat-2a-riscv-design-student/src/IPs/timer/cycle_cnt.vhd                           ;         ;
; ../src/riscv/store/mem_store.vhd               ; yes             ; User VHDL File                                        ; /users/elo/candre/Documents/RISC-V/enssat-2a-riscv-design-student/src/riscv/store/mem_store.vhd                         ;         ;
; ../src/riscv/store/mem_store_pkg.vhd           ; yes             ; User VHDL File                                        ; /users/elo/candre/Documents/RISC-V/enssat-2a-riscv-design-student/src/riscv/store/mem_store_pkg.vhd                     ;         ;
; ../src/riscv/rom/mem_rom_pkg.vhd               ; yes             ; User VHDL File                                        ; /users/elo/candre/Documents/RISC-V/enssat-2a-riscv-design-student/src/riscv/rom/mem_rom_pkg.vhd                         ;         ;
; ../src/riscv/rom/mem_rom.vhd                   ; yes             ; User VHDL File                                        ; /users/elo/candre/Documents/RISC-V/enssat-2a-riscv-design-student/src/riscv/rom/mem_rom.vhd                             ;         ;
; ../src/riscv/regs/registers_pkg.vhd            ; yes             ; User VHDL File                                        ; /users/elo/candre/Documents/RISC-V/enssat-2a-riscv-design-student/src/riscv/regs/registers_pkg.vhd                      ;         ;
; ../src/riscv/regs/registers.vhd                ; yes             ; User VHDL File                                        ; /users/elo/candre/Documents/RISC-V/enssat-2a-riscv-design-student/src/riscv/regs/registers.vhd                          ;         ;
; ../src/riscv/ram/mem_ram_pkg.vhd               ; yes             ; User VHDL File                                        ; /users/elo/candre/Documents/RISC-V/enssat-2a-riscv-design-student/src/riscv/ram/mem_ram_pkg.vhd                         ;         ;
; ../src/riscv/ram/mem_ram_altera.vhd            ; yes             ; User VHDL File                                        ; /users/elo/candre/Documents/RISC-V/enssat-2a-riscv-design-student/src/riscv/ram/mem_ram_altera.vhd                      ;         ;
; ../src/riscv/load/mem_load.vhd                 ; yes             ; User VHDL File                                        ; /users/elo/candre/Documents/RISC-V/enssat-2a-riscv-design-student/src/riscv/load/mem_load.vhd                           ;         ;
; ../src/riscv/load/mem_load_pkg.vhd             ; yes             ; User VHDL File                                        ; /users/elo/candre/Documents/RISC-V/enssat-2a-riscv-design-student/src/riscv/load/mem_load_pkg.vhd                       ;         ;
; ../src/riscv/imm/immediate_pkg.vhd             ; yes             ; User VHDL File                                        ; /users/elo/candre/Documents/RISC-V/enssat-2a-riscv-design-student/src/riscv/imm/immediate_pkg.vhd                       ;         ;
; ../src/riscv/imm/immediate.vhd                 ; yes             ; User VHDL File                                        ; /users/elo/candre/Documents/RISC-V/enssat-2a-riscv-design-student/src/riscv/imm/immediate.vhd                           ;         ;
; ../src/riscv/fetch/fetch.vhd                   ; yes             ; User VHDL File                                        ; /users/elo/candre/Documents/RISC-V/enssat-2a-riscv-design-student/src/riscv/fetch/fetch.vhd                             ;         ;
; ../src/riscv/fetch/fetch_pkg.vhd               ; yes             ; User VHDL File                                        ; /users/elo/candre/Documents/RISC-V/enssat-2a-riscv-design-student/src/riscv/fetch/fetch_pkg.vhd                         ;         ;
; ../src/riscv/decode/decoder_pkg.vhd            ; yes             ; User VHDL File                                        ; /users/elo/candre/Documents/RISC-V/enssat-2a-riscv-design-student/src/riscv/decode/decoder_pkg.vhd                      ;         ;
; ../src/riscv/decode/decoder.vhd                ; yes             ; User VHDL File                                        ; /users/elo/candre/Documents/RISC-V/enssat-2a-riscv-design-student/src/riscv/decode/decoder.vhd                          ;         ;
; ../src/riscv/csr/csr_registers.vhd             ; yes             ; User VHDL File                                        ; /users/elo/candre/Documents/RISC-V/enssat-2a-riscv-design-student/src/riscv/csr/csr_registers.vhd                       ;         ;
; ../src/riscv/csr/cnt_instr.vhd                 ; yes             ; User VHDL File                                        ; /users/elo/candre/Documents/RISC-V/enssat-2a-riscv-design-student/src/riscv/csr/cnt_instr.vhd                           ;         ;
; ../src/riscv/csr/cnt_cycles.vhd                ; yes             ; User VHDL File                                        ; /users/elo/candre/Documents/RISC-V/enssat-2a-riscv-design-student/src/riscv/csr/cnt_cycles.vhd                          ;         ;
; ../src/riscv/alu/alu_pkg.vhd                   ; yes             ; User VHDL File                                        ; /users/elo/candre/Documents/RISC-V/enssat-2a-riscv-design-student/src/riscv/alu/alu_pkg.vhd                             ;         ;
; ../src/riscv/alu/alu.vhd                       ; yes             ; User VHDL File                                        ; /users/elo/candre/Documents/RISC-V/enssat-2a-riscv-design-student/src/riscv/alu/alu.vhd                                 ;         ;
; ../src/riscv/riscv.vhd                         ; yes             ; User VHDL File                                        ; /users/elo/candre/Documents/RISC-V/enssat-2a-riscv-design-student/src/riscv/riscv.vhd                                   ;         ;
; ../src/riscv/riscv_types.vhd                   ; yes             ; User VHDL File                                        ; /users/elo/candre/Documents/RISC-V/enssat-2a-riscv-design-student/src/riscv/riscv_types.vhd                             ;         ;
; ../src/soc/riscv_config_altera.vhd             ; yes             ; User VHDL File                                        ; /users/elo/candre/Documents/RISC-V/enssat-2a-riscv-design-student/src/soc/riscv_config_altera.vhd                       ;         ;
; ../src/soc/riscv_soc_altera.vhd                ; yes             ; User VHDL File                                        ; /users/elo/candre/Documents/RISC-V/enssat-2a-riscv-design-student/src/soc/riscv_soc_altera.vhd                          ;         ;
; ../src/IPs/uart/uart_send_altera.vhd           ; yes             ; User VHDL File                                        ; /users/elo/candre/Documents/RISC-V/enssat-2a-riscv-design-student/src/IPs/uart/uart_send_altera.vhd                     ;         ;
; ../src/IPs/uart/uart_recv_altera.vhd           ; yes             ; User VHDL File                                        ; /users/elo/candre/Documents/RISC-V/enssat-2a-riscv-design-student/src/IPs/uart/uart_recv_altera.vhd                     ;         ;
; altsyncram.tdf                                 ; yes             ; Megafunction                                          ; /usr/local/Intel-Quartus-Prime-Lite/24.1std/quartus/libraries/megafunctions/altsyncram.tdf                              ;         ;
; stratix_ram_block.inc                          ; yes             ; Megafunction                                          ; /usr/local/Intel-Quartus-Prime-Lite/24.1std/quartus/libraries/megafunctions/stratix_ram_block.inc                       ;         ;
; lpm_mux.inc                                    ; yes             ; Megafunction                                          ; /usr/local/Intel-Quartus-Prime-Lite/24.1std/quartus/libraries/megafunctions/lpm_mux.inc                                 ;         ;
; lpm_decode.inc                                 ; yes             ; Megafunction                                          ; /usr/local/Intel-Quartus-Prime-Lite/24.1std/quartus/libraries/megafunctions/lpm_decode.inc                              ;         ;
; aglobal241.inc                                 ; yes             ; Megafunction                                          ; /usr/local/Intel-Quartus-Prime-Lite/24.1std/quartus/libraries/megafunctions/aglobal241.inc                              ;         ;
; a_rdenreg.inc                                  ; yes             ; Megafunction                                          ; /usr/local/Intel-Quartus-Prime-Lite/24.1std/quartus/libraries/megafunctions/a_rdenreg.inc                               ;         ;
; altrom.inc                                     ; yes             ; Megafunction                                          ; /usr/local/Intel-Quartus-Prime-Lite/24.1std/quartus/libraries/megafunctions/altrom.inc                                  ;         ;
; altram.inc                                     ; yes             ; Megafunction                                          ; /usr/local/Intel-Quartus-Prime-Lite/24.1std/quartus/libraries/megafunctions/altram.inc                                  ;         ;
; altdpram.inc                                   ; yes             ; Megafunction                                          ; /usr/local/Intel-Quartus-Prime-Lite/24.1std/quartus/libraries/megafunctions/altdpram.inc                                ;         ;
; db/altsyncram_k8l1.tdf                         ; yes             ; Auto-Generated Megafunction                           ; /users/elo/candre/Documents/RISC-V/enssat-2a-riscv-design-student/altera/db/altsyncram_k8l1.tdf                         ;         ;
; db/altera_de10.ram0_registers_6989617c.hdl.mif ; yes             ; Auto-Generated Auto-Found Memory Initialization File  ; /users/elo/candre/Documents/RISC-V/enssat-2a-riscv-design-student/altera/db/altera_de10.ram0_registers_6989617c.hdl.mif ;         ;
; db/altsyncram_8m61.tdf                         ; yes             ; Auto-Generated Megafunction                           ; /users/elo/candre/Documents/RISC-V/enssat-2a-riscv-design-student/altera/db/altsyncram_8m61.tdf                         ;         ;
; db/altera_de10.ram0_mem_rom_5f5131cf.hdl.mif   ; yes             ; Auto-Generated Auto-Found Memory Initialization File  ; /users/elo/candre/Documents/RISC-V/enssat-2a-riscv-design-student/altera/db/altera_de10.ram0_mem_rom_5f5131cf.hdl.mif   ;         ;
; db/altsyncram_11l1.tdf                         ; yes             ; Auto-Generated Megafunction                           ; /users/elo/candre/Documents/RISC-V/enssat-2a-riscv-design-student/altera/db/altsyncram_11l1.tdf                         ;         ;
; db/altera_de10.ram0_mem_ram_5f5133fc.hdl.mif   ; yes             ; Auto-Generated Auto-Found Memory Initialization File  ; /users/elo/candre/Documents/RISC-V/enssat-2a-riscv-design-student/altera/db/altera_de10.ram0_mem_ram_5f5133fc.hdl.mif   ;         ;
; db/decode_97a.tdf                              ; yes             ; Auto-Generated Megafunction                           ; /users/elo/candre/Documents/RISC-V/enssat-2a-riscv-design-student/altera/db/decode_97a.tdf                              ;         ;
; db/mux_63b.tdf                                 ; yes             ; Auto-Generated Megafunction                           ; /users/elo/candre/Documents/RISC-V/enssat-2a-riscv-design-student/altera/db/mux_63b.tdf                                 ;         ;
+------------------------------------------------+-----------------+-------------------------------------------------------+-------------------------------------------------------------------------------------------------------------------------+---------+


+-----------------------------------------------------------+
; Analysis & Synthesis Resource Usage Summary               ;
+---------------------------------------------+-------------+
; Resource                                    ; Usage       ;
+---------------------------------------------+-------------+
; Estimated Total logic elements              ; 2,653       ;
;                                             ;             ;
; Total combinational functions               ; 2560        ;
; Logic element usage by number of LUT inputs ;             ;
;     -- 4 input functions                    ; 1130        ;
;     -- 3 input functions                    ; 944         ;
;     -- <=2 input functions                  ; 486         ;
;                                             ;             ;
; Logic elements by mode                      ;             ;
;     -- normal mode                          ; 2005        ;
;     -- arithmetic mode                      ; 555         ;
;                                             ;             ;
; Total registers                             ; 872         ;
;     -- Dedicated logic registers            ; 872         ;
;     -- I/O registers                        ; 0           ;
;                                             ;             ;
; I/O pins                                    ; 25          ;
; Total memory bits                           ; 772096      ;
;                                             ;             ;
; Embedded Multiplier 9-bit elements          ; 0           ;
;                                             ;             ;
; Maximum fan-out node                        ; CLOCK~input ;
; Maximum fan-out                             ; 1030        ;
; Total fan-out                               ; 13249       ;
; Average fan-out                             ; 3.64        ;
+---------------------------------------------+-------------+


+----------------------------------------------------------------------------------------------------------------------------------------------------------------------------------------------------------------------------------------------------------------------------------------------------------------------------------------------------+
; Analysis & Synthesis Resource Utilization by Entity                                                                                                                                                                                                                                                                                                ;
+----------------------------------------------+---------------------+---------------------------+-------------+------------+--------------+---------+-----------+------+--------------+------------+--------------------------------------------------------------------------------------------------------------+------------------+--------------+
; Compilation Hierarchy Node                   ; Combinational ALUTs ; Dedicated Logic Registers ; Memory Bits ; UFM Blocks ; DSP Elements ; DSP 9x9 ; DSP 18x18 ; Pins ; Virtual Pins ; ADC blocks ; Full Hierarchy Name                                                                                          ; Entity Name      ; Library Name ;
+----------------------------------------------+---------------------+---------------------------+-------------+------------+--------------+---------+-----------+------+--------------+------------+--------------------------------------------------------------------------------------------------------------+------------------+--------------+
; |riscv_soc_altera                            ; 2560 (174)          ; 872 (31)                  ; 772096      ; 0          ; 0            ; 0       ; 0         ; 25   ; 0            ; 0          ; |riscv_soc_altera                                                                                            ; riscv_soc_altera ; work         ;
;    |mem_ram:data_ram|                        ; 12 (0)              ; 1 (0)                     ; 524288      ; 0          ; 0            ; 0       ; 0         ; 0    ; 0            ; 0          ; |riscv_soc_altera|mem_ram:data_ram                                                                           ; mem_ram          ; work         ;
;       |altsyncram:memory_rtl_0|              ; 12 (0)              ; 1 (0)                     ; 524288      ; 0          ; 0            ; 0       ; 0         ; 0    ; 0            ; 0          ; |riscv_soc_altera|mem_ram:data_ram|altsyncram:memory_rtl_0                                                   ; altsyncram       ; work         ;
;          |altsyncram_11l1:auto_generated|    ; 12 (1)              ; 1 (1)                     ; 524288      ; 0          ; 0            ; 0       ; 0         ; 0    ; 0            ; 0          ; |riscv_soc_altera|mem_ram:data_ram|altsyncram:memory_rtl_0|altsyncram_11l1:auto_generated                    ; altsyncram_11l1  ; work         ;
;             |decode_97a:decode2|             ; 2 (2)               ; 0 (0)                     ; 0           ; 0          ; 0            ; 0       ; 0         ; 0    ; 0            ; 0          ; |riscv_soc_altera|mem_ram:data_ram|altsyncram:memory_rtl_0|altsyncram_11l1:auto_generated|decode_97a:decode2 ; decode_97a       ; work         ;
;             |mux_63b:mux3|                   ; 9 (9)               ; 0 (0)                     ; 0           ; 0          ; 0            ; 0       ; 0         ; 0    ; 0            ; 0          ; |riscv_soc_altera|mem_ram:data_ram|altsyncram:memory_rtl_0|altsyncram_11l1:auto_generated|mux_63b:mux3       ; mux_63b          ; work         ;
;    |mem_rom:prog_rom|                        ; 0 (0)               ; 0 (0)                     ; 245760      ; 0          ; 0            ; 0       ; 0         ; 0    ; 0            ; 0          ; |riscv_soc_altera|mem_rom:prog_rom                                                                           ; mem_rom          ; work         ;
;       |altsyncram:memory_rtl_0|              ; 0 (0)               ; 0 (0)                     ; 245760      ; 0          ; 0            ; 0       ; 0         ; 0    ; 0            ; 0          ; |riscv_soc_altera|mem_rom:prog_rom|altsyncram:memory_rtl_0                                                   ; altsyncram       ; work         ;
;          |altsyncram_8m61:auto_generated|    ; 0 (0)               ; 0 (0)                     ; 245760      ; 0          ; 0            ; 0       ; 0         ; 0    ; 0            ; 0          ; |riscv_soc_altera|mem_rom:prog_rom|altsyncram:memory_rtl_0|altsyncram_8m61:auto_generated                    ; altsyncram_8m61  ; work         ;
;    |riscv:CPU|                               ; 2011 (466)          ; 643 (451)                 ; 2048        ; 0          ; 0            ; 0       ; 0         ; 0    ; 0            ; 0          ; |riscv_soc_altera|riscv:CPU                                                                                  ; riscv            ; work         ;
;       |alu:i_alu|                            ; 1155 (1155)         ; 0 (0)                     ; 0           ; 0          ; 0            ; 0       ; 0         ; 0    ; 0            ; 0          ; |riscv_soc_altera|riscv:CPU|alu:i_alu                                                                        ; alu              ; work         ;
;       |csr_registers:csr_reg|                ; 192 (64)            ; 160 (32)                  ; 0           ; 0          ; 0            ; 0       ; 0         ; 0    ; 0            ; 0          ; |riscv_soc_altera|riscv:CPU|csr_registers:csr_reg                                                            ; csr_registers    ; work         ;
;          |cnt_cycles:count_cycles|           ; 64 (64)             ; 64 (64)                   ; 0           ; 0          ; 0            ; 0       ; 0         ; 0    ; 0            ; 0          ; |riscv_soc_altera|riscv:CPU|csr_registers:csr_reg|cnt_cycles:count_cycles                                    ; cnt_cycles       ; work         ;
;          |cnt_instr:count_instr|             ; 64 (64)             ; 64 (64)                   ; 0           ; 0          ; 0            ; 0       ; 0         ; 0    ; 0            ; 0          ; |riscv_soc_altera|riscv:CPU|csr_registers:csr_reg|cnt_instr:count_instr                                      ; cnt_instr        ; work         ;
;       |decoder:dec|                          ; 15 (15)             ; 0 (0)                     ; 0           ; 0          ; 0            ; 0       ; 0         ; 0    ; 0            ; 0          ; |riscv_soc_altera|riscv:CPU|decoder:dec                                                                      ; decoder          ; work         ;
;       |fetch:pc_fetch|                       ; 62 (62)             ; 32 (32)                   ; 0           ; 0          ; 0            ; 0       ; 0         ; 0    ; 0            ; 0          ; |riscv_soc_altera|riscv:CPU|fetch:pc_fetch                                                                   ; fetch            ; work         ;
;       |immediate:imm|                        ; 45 (45)             ; 0 (0)                     ; 0           ; 0          ; 0            ; 0       ; 0         ; 0    ; 0            ; 0          ; |riscv_soc_altera|riscv:CPU|immediate:imm                                                                    ; immediate        ; work         ;
;       |mem_load:mem_ld|                      ; 42 (42)             ; 0 (0)                     ; 0           ; 0          ; 0            ; 0       ; 0         ; 0    ; 0            ; 0          ; |riscv_soc_altera|riscv:CPU|mem_load:mem_ld                                                                  ; mem_load         ; work         ;
;       |mem_store:mem_str|                    ; 34 (34)             ; 0 (0)                     ; 0           ; 0          ; 0            ; 0       ; 0         ; 0    ; 0            ; 0          ; |riscv_soc_altera|riscv:CPU|mem_store:mem_str                                                                ; mem_store        ; work         ;
;       |registers:regs|                       ; 0 (0)               ; 0 (0)                     ; 2048        ; 0          ; 0            ; 0       ; 0         ; 0    ; 0            ; 0          ; |riscv_soc_altera|riscv:CPU|registers:regs                                                                   ; registers        ; work         ;
;          |altsyncram:registerFile_rtl_0|     ; 0 (0)               ; 0 (0)                     ; 1024        ; 0          ; 0            ; 0       ; 0         ; 0    ; 0            ; 0          ; |riscv_soc_altera|riscv:CPU|registers:regs|altsyncram:registerFile_rtl_0                                     ; altsyncram       ; work         ;
;             |altsyncram_k8l1:auto_generated| ; 0 (0)               ; 0 (0)                     ; 1024        ; 0          ; 0            ; 0       ; 0         ; 0    ; 0            ; 0          ; |riscv_soc_altera|riscv:CPU|registers:regs|altsyncram:registerFile_rtl_0|altsyncram_k8l1:auto_generated      ; altsyncram_k8l1  ; work         ;
;          |altsyncram:registerFile_rtl_1|     ; 0 (0)               ; 0 (0)                     ; 1024        ; 0          ; 0            ; 0       ; 0         ; 0    ; 0            ; 0          ; |riscv_soc_altera|riscv:CPU|registers:regs|altsyncram:registerFile_rtl_1                                     ; altsyncram       ; work         ;
;             |altsyncram_k8l1:auto_generated| ; 0 (0)               ; 0 (0)                     ; 1024        ; 0          ; 0            ; 0       ; 0         ; 0    ; 0            ; 0          ; |riscv_soc_altera|riscv:CPU|registers:regs|altsyncram:registerFile_rtl_1|altsyncram_k8l1:auto_generated      ; altsyncram_k8l1  ; work         ;
;    |timer_ctrl:time_ctrl|                    ; 173 (33)            ; 132 (32)                  ; 0           ; 0          ; 0            ; 0       ; 0         ; 0    ; 0            ; 0          ; |riscv_soc_altera|timer_ctrl:time_ctrl                                                                       ; timer_ctrl       ; work         ;
;       |cycle_cnt:count_cycles|               ; 32 (32)             ; 32 (32)                   ; 0           ; 0          ; 0            ; 0       ; 0         ; 0    ; 0            ; 0          ; |riscv_soc_altera|timer_ctrl:time_ctrl|cycle_cnt:count_cycles                                                ; cycle_cnt        ; work         ;
;       |prog_cnt:count_prog|                  ; 108 (108)           ; 68 (68)                   ; 0           ; 0          ; 0            ; 0       ; 0         ; 0    ; 0            ; 0          ; |riscv_soc_altera|timer_ctrl:time_ctrl|prog_cnt:count_prog                                                   ; prog_cnt         ; work         ;
;    |uart_recv:UART_r_custom|                 ; 94 (94)             ; 38 (38)                   ; 0           ; 0          ; 0            ; 0       ; 0         ; 0    ; 0            ; 0          ; |riscv_soc_altera|uart_recv:UART_r_custom                                                                    ; uart_recv        ; work         ;
;    |uart_send:UART_s_custom|                 ; 96 (96)             ; 27 (27)                   ; 0           ; 0          ; 0            ; 0       ; 0         ; 0    ; 0            ; 0          ; |riscv_soc_altera|uart_send:UART_s_custom                                                                    ; uart_send        ; work         ;
+----------------------------------------------+---------------------+---------------------------+-------------+------------+--------------+---------+-----------+------+--------------+------------+--------------------------------------------------------------------------------------------------------------+------------------+--------------+
Note: For table entries with two numbers listed, the numbers in parentheses indicate the number of resources of the given type used by the specific entity alone. The numbers listed outside of parentheses indicate the total resources of the given type used by the specific entity and all of its sub-entities in the hierarchy.


+--------------------------------------------------------------------------------------------------------------------------------------------------------------------------------------------------------------------------------------------------+
; Analysis & Synthesis RAM Summary                                                                                                                                                                                                                 ;
+--------------------------------------------------------------------------------------------------+------+------------------+--------------+--------------+--------------+--------------+--------+------------------------------------------------+
; Name                                                                                             ; Type ; Mode             ; Port A Depth ; Port A Width ; Port B Depth ; Port B Width ; Size   ; MIF                                            ;
+--------------------------------------------------------------------------------------------------+------+------------------+--------------+--------------+--------------+--------------+--------+------------------------------------------------+
; mem_ram:data_ram|altsyncram:memory_rtl_0|altsyncram_11l1:auto_generated|ALTSYNCRAM               ; AUTO ; Simple Dual Port ; 16384        ; 32           ; 16384        ; 32           ; 524288 ; db/altera_de10.ram0_mem_ram_5f5133fc.hdl.mif   ;
; mem_rom:prog_rom|altsyncram:memory_rtl_0|altsyncram_8m61:auto_generated|ALTSYNCRAM               ; AUTO ; ROM              ; 8192         ; 32           ; --           ; --           ; 262144 ; db/altera_de10.ram0_mem_rom_5f5131cf.hdl.mif   ;
; riscv:CPU|registers:regs|altsyncram:registerFile_rtl_0|altsyncram_k8l1:auto_generated|ALTSYNCRAM ; AUTO ; Simple Dual Port ; 32           ; 32           ; 32           ; 32           ; 1024   ; db/altera_de10.ram0_registers_6989617c.hdl.mif ;
; riscv:CPU|registers:regs|altsyncram:registerFile_rtl_1|altsyncram_k8l1:auto_generated|ALTSYNCRAM ; AUTO ; Simple Dual Port ; 32           ; 32           ; 32           ; 32           ; 1024   ; db/altera_de10.ram0_registers_6989617c.hdl.mif ;
+--------------------------------------------------------------------------------------------------+------+------------------+--------------+--------------+--------------+--------------+--------+------------------------------------------------+


+-----------------------------------------------------------------------------------------+
; Registers Removed During Synthesis                                                      ;
+----------------------------------------+------------------------------------------------+
; Register name                          ; Reason for Removal                             ;
+----------------------------------------+------------------------------------------------+
; d32b_from_swit[10..31]                 ; Stuck at GND due to stuck port data_in         ;
; d32b_from_btns[1..31]                  ; Stuck at GND due to stuck port data_in         ;
; uart_send:UART_s_custom|bitcounter[0]  ; Merged with uart_send:UART_s_custom|div_cnt[0] ;
; Total Number of Removed Registers = 54 ;                                                ;
+----------------------------------------+------------------------------------------------+


+------------------------------------------------------+
; General Register Statistics                          ;
+----------------------------------------------+-------+
; Statistic                                    ; Value ;
+----------------------------------------------+-------+
; Total registers                              ; 872   ;
; Number of registers using Synchronous Clear  ; 239   ;
; Number of registers using Synchronous Load   ; 0     ;
; Number of registers using Asynchronous Clear ; 32    ;
; Number of registers using Asynchronous Load  ; 0     ;
; Number of registers using Clock Enable       ; 485   ;
; Number of registers using Preset             ; 0     ;
+----------------------------------------------+-------+


+---------------------------------------------------+
; Inverted Register Statistics                      ;
+-----------------------------------------+---------+
; Inverted Register                       ; Fan out ;
+-----------------------------------------+---------+
; uart_send:UART_s_custom|shift_reg[0]    ; 3       ;
; uart_send:UART_s_custom|shift_reg[1]    ; 2       ;
; uart_send:UART_s_custom|shift_reg[2]    ; 2       ;
; uart_send:UART_s_custom|shift_reg[3]    ; 2       ;
; uart_send:UART_s_custom|shift_reg[4]    ; 2       ;
; uart_send:UART_s_custom|shift_reg[5]    ; 2       ;
; uart_recv:UART_r_custom|div_cnt[8]      ; 4       ;
; uart_recv:UART_r_custom|div_cnt[3]      ; 2       ;
; uart_recv:UART_r_custom|div_cnt[2]      ; 2       ;
; uart_recv:UART_r_custom|div_cnt[4]      ; 2       ;
; uart_recv:UART_r_custom|div_cnt[5]      ; 5       ;
; uart_recv:UART_r_custom|div_cnt[6]      ; 4       ;
; uart_recv:UART_r_custom|div_cnt[13]     ; 4       ;
; uart_recv:UART_r_custom|div_cnt[14]     ; 4       ;
; uart_send:UART_s_custom|shift_reg[6]    ; 2       ;
; uart_send:UART_s_custom|shift_reg[7]    ; 2       ;
; uart_send:UART_s_custom|shift_reg[8]    ; 2       ;
; Total number of inverted registers = 17 ;         ;
+-----------------------------------------+---------+


+-------------------------------------------------------------------------------------------------------------------------------------------------+
; Physical Synthesis Netlist Optimizations                                                                                                        ;
+--------------------------------------------------------------------------------------------------------+------------------+---------------------+
; Node                                                                                                   ; Action           ; Reason              ;
+--------------------------------------------------------------------------------------------------------+------------------+---------------------+
; dm_rdata[3]~100                                                                                        ; Deleted          ; Timing optimization ;
; dm_rdata[3]~101                                                                                        ; Modified         ; Timing optimization ;
; dm_rdata[3]~101_RESYN1238_BDD1239                                                                      ; Created          ; Timing optimization ;
; dm_rdata[3]~101_RESYN1240_BDD1241                                                                      ; Created          ; Timing optimization ;
; dm_rdata[4]~95                                                                                         ; Deleted          ; Timing optimization ;
; dm_rdata[4]~96                                                                                         ; Deleted          ; Timing optimization ;
; dm_rdata[4]~97                                                                                         ; Modified         ; Timing optimization ;
; dm_rdata[4]~97_RESYN1234_BDD1235                                                                       ; Created          ; Timing optimization ;
; dm_rdata[4]~97_RESYN1236_BDD1237                                                                       ; Created          ; Timing optimization ;
; dm_rdata[4]~119                                                                                        ; Deleted          ; Timing optimization ;
; dm_rdata[4]~120                                                                                        ; Modified         ; Timing optimization ;
; dm_rdata[4]~120_RESYN1268_BDD1269                                                                      ; Created          ; Timing optimization ;
; dm_rdata[5]~88                                                                                         ; Deleted          ; Timing optimization ;
; dm_rdata[5]~90                                                                                         ; Deleted          ; Timing optimization ;
; dm_rdata[5]~91                                                                                         ; Modified         ; Timing optimization ;
; dm_rdata[5]~91_RESYN1230_BDD1231                                                                       ; Created          ; Timing optimization ;
; dm_rdata[5]~91_RESYN1232_BDD1233                                                                       ; Created          ; Timing optimization ;
; dm_rdata[7]~38                                                                                         ; Modified         ; Timing optimization ;
; dm_rdata[7]~38_RESYN1356_BDD1357                                                                       ; Created          ; Timing optimization ;
; dm_rdata[15]~29                                                                                        ; Modified         ; Timing optimization ;
; dm_rdata[15]~29_RESYN1354_BDD1355                                                                      ; Created          ; Timing optimization ;
; dm_rdata[16]~22                                                                                        ; Deleted          ; Timing optimization ;
; dm_rdata[16]~23                                                                                        ; Deleted          ; Timing optimization ;
; dm_rdata[16]~24                                                                                        ; Modified         ; Timing optimization ;
; dm_rdata[16]~24_RESYN1270_BDD1271                                                                      ; Created          ; Timing optimization ;
; dm_rdata[16]~24_RESYN1272_BDD1273                                                                      ; Created          ; Timing optimization ;
; dm_rdata[16]~24_RESYN1274_BDD1275                                                                      ; Created          ; Timing optimization ;
; dm_rdata[16]~24_RESYN1276_BDD1277                                                                      ; Created          ; Timing optimization ;
; dm_rdata[17]~63                                                                                        ; Modified         ; Timing optimization ;
; dm_rdata[17]~63_RESYN1366_BDD1367                                                                      ; Created          ; Timing optimization ;
; dm_rdata[18]~60                                                                                        ; Deleted          ; Timing optimization ;
; dm_rdata[18]~61                                                                                        ; Deleted          ; Timing optimization ;
; dm_rdata[18]~62                                                                                        ; Modified         ; Timing optimization ;
; dm_rdata[18]~62_RESYN1222_BDD1223                                                                      ; Created          ; Timing optimization ;
; dm_rdata[18]~62_RESYN1224_BDD1225                                                                      ; Created          ; Timing optimization ;
; dm_rdata[19]~57                                                                                        ; Modified         ; Timing optimization ;
; dm_rdata[19]~57_RESYN1364_BDD1365                                                                      ; Created          ; Timing optimization ;
; dm_rdata[20]~54                                                                                        ; Modified         ; Timing optimization ;
; dm_rdata[20]~54_RESYN1362_BDD1363                                                                      ; Created          ; Timing optimization ;
; dm_rdata[21]~51                                                                                        ; Modified         ; Timing optimization ;
; dm_rdata[21]~51_RESYN1360_BDD1361                                                                      ; Created          ; Timing optimization ;
; dm_rdata[23]~43                                                                                        ; Modified         ; Timing optimization ;
; dm_rdata[23]~43_RESYN1278_BDD1279                                                                      ; Created          ; Timing optimization ;
; dm_rdata[23]~44_Duplicate_122                                                                          ; Retimed Register ; Timing optimization ;
; dm_rdata[25]~45                                                                                        ; Modified         ; Timing optimization ;
; dm_rdata[25]~45_RESYN1358_BDD1359                                                                      ; Created          ; Timing optimization ;
; dm_rdata[26]~25                                                                                        ; Deleted          ; Timing optimization ;
; dm_rdata[26]~26                                                                                        ; Deleted          ; Timing optimization ;
; dm_rdata[26]~27                                                                                        ; Modified         ; Timing optimization ;
; dm_rdata[26]~27_RESYN1218_BDD1219                                                                      ; Created          ; Timing optimization ;
; dm_rdata[26]~27_RESYN1220_BDD1221                                                                      ; Created          ; Timing optimization ;
; dm_rdata[30]~66                                                                                        ; Deleted          ; Timing optimization ;
; dm_rdata[30]~67                                                                                        ; Deleted          ; Timing optimization ;
; dm_rdata[30]~68                                                                                        ; Modified         ; Timing optimization ;
; dm_rdata[30]~68_RESYN1226_BDD1227                                                                      ; Created          ; Timing optimization ;
; dm_rdata[30]~68_RESYN1228_BDD1229                                                                      ; Created          ; Timing optimization ;
; dm_rdata~99                                                                                            ; Deleted          ; Timing optimization ;
; dm_wmask_v[0]~4                                                                                        ; Deleted          ; Timing optimization ;
; dm_wmask_v[0]~9                                                                                        ; Modified         ; Timing optimization ;
; dm_wmask_v[0]~9_RESYN1430_BDD1431                                                                      ; Created          ; Timing optimization ;
; dm_wmask_v[0]~9_RESYN1432_BDD1433                                                                      ; Created          ; Timing optimization ;
; dm_wmask_v[1]~7                                                                                        ; Deleted          ; Timing optimization ;
; dm_wmask_v[1]~10                                                                                       ; Modified         ; Timing optimization ;
; dm_wmask_v[1]~10_RESYN1434_BDD1435                                                                     ; Created          ; Timing optimization ;
; dm_wmask_v[1]~10_RESYN1436_BDD1437                                                                     ; Created          ; Timing optimization ;
; dm_wmask_v[2]~5                                                                                        ; Deleted          ; Timing optimization ;
; dm_wmask_v[2]~8                                                                                        ; Modified         ; Timing optimization ;
; dm_wmask_v[2]~8_RESYN1282_BDD1283                                                                      ; Created          ; Timing optimization ;
; dm_wmask_v[3]~6                                                                                        ; Modified         ; Timing optimization ;
; dm_wmask_v[3]~6_RESYN1280_BDD1281                                                                      ; Created          ; Timing optimization ;
; leds_buffer[0]_OTERM787                                                                                ; Retimed Register ; Timing optimization ;
; leds_buffer[1]_OTERM785                                                                                ; Retimed Register ; Timing optimization ;
; leds_buffer[2]_OTERM783                                                                                ; Retimed Register ; Timing optimization ;
; leds_buffer[3]_OTERM781                                                                                ; Retimed Register ; Timing optimization ;
; leds_buffer[4]_OTERM779                                                                                ; Retimed Register ; Timing optimization ;
; leds_buffer[5]_OTERM777                                                                                ; Retimed Register ; Timing optimization ;
; leds_buffer[6]_OTERM775                                                                                ; Retimed Register ; Timing optimization ;
; leds_buffer[7]_OTERM773                                                                                ; Retimed Register ; Timing optimization ;
; leds_buffer~2                                                                                          ; Deleted          ; Timing optimization ;
; leds_buffer~4                                                                                          ; Deleted          ; Timing optimization ;
; leds_buffer~5                                                                                          ; Deleted          ; Timing optimization ;
; leds_buffer~6                                                                                          ; Deleted          ; Timing optimization ;
; leds_buffer~7                                                                                          ; Deleted          ; Timing optimization ;
; leds_buffer~8                                                                                          ; Deleted          ; Timing optimization ;
; leds_buffer~9                                                                                          ; Deleted          ; Timing optimization ;
; leds_buffer~10                                                                                         ; Deleted          ; Timing optimization ;
; mem_ram:data_ram|altsyncram:memory_rtl_0|altsyncram_11l1:auto_generated|address_reg_b[0]_OTERM1077     ; Retimed Register ; Timing optimization ;
; mem_ram:data_ram|altsyncram:memory_rtl_0|altsyncram_11l1:auto_generated|mux_63b:mux3|result_node[16]~2 ; Deleted          ; Timing optimization ;
; riscv:CPU|Add1~0                                                                                       ; Modified         ; Timing optimization ;
; riscv:CPU|Add1~1                                                                                       ; Modified         ; Timing optimization ;
; riscv:CPU|DE_PC[2]_RTM0714                                                                             ; Modified         ; Timing optimization ;
; riscv:CPU|DE_PC[2]_RTM0714                                                                             ; Retimed Register ; Timing optimization ;
; riscv:CPU|EM_Eresult[0]                                                                                ; Deleted          ; Timing optimization ;
; riscv:CPU|EM_Eresult[0]_OTERM1                                                                         ; Retimed Register ; Timing optimization ;
; riscv:CPU|EM_Eresult[0]_OTERM3_OTERM213_OTERM565                                                       ; Retimed Register ; Timing optimization ;
; riscv:CPU|EM_Eresult[0]_OTERM3_OTERM213_OTERM567                                                       ; Retimed Register ; Timing optimization ;
; riscv:CPU|EM_Eresult[0]_OTERM3_OTERM213_OTERM569                                                       ; Retimed Register ; Timing optimization ;
; riscv:CPU|EM_Eresult[0]_OTERM3_OTERM213_OTERM571_OTERM959                                              ; Retimed Register ; Timing optimization ;
; riscv:CPU|EM_Eresult[0]_OTERM3_OTERM213_OTERM571_OTERM961                                              ; Retimed Register ; Timing optimization ;
; riscv:CPU|EM_Eresult[0]_OTERM3_OTERM213_OTERM571_OTERM963                                              ; Retimed Register ; Timing optimization ;
; riscv:CPU|EM_Eresult[0]_OTERM3_OTERM213_OTERM571_OTERM965                                              ; Retimed Register ; Timing optimization ;
; riscv:CPU|EM_Eresult[0]_OTERM3_OTERM215                                                                ; Retimed Register ; Timing optimization ;
; riscv:CPU|EM_Eresult[0]_OTERM3_OTERM217                                                                ; Retimed Register ; Timing optimization ;
; riscv:CPU|EM_Eresult[0]_OTERM3_OTERM219                                                                ; Retimed Register ; Timing optimization ;
; riscv:CPU|EM_Eresult[0]_OTERM5                                                                         ; Retimed Register ; Timing optimization ;
; riscv:CPU|EM_Eresult[0]_OTERM7                                                                         ; Retimed Register ; Timing optimization ;
; riscv:CPU|EM_Eresult[2]                                                                                ; Deleted          ; Timing optimization ;
; riscv:CPU|EM_Eresult[2]_NEW158_RTM0715                                                                 ; Modified         ; Timing optimization ;
; riscv:CPU|EM_Eresult[2]_OTERM159                                                                       ; Retimed Register ; Timing optimization ;
; riscv:CPU|EM_Eresult[2]_OTERM711_OTERM921                                                              ; Retimed Register ; Timing optimization ;
; riscv:CPU|EM_Eresult[2]_OTERM711_OTERM923                                                              ; Retimed Register ; Timing optimization ;
; riscv:CPU|EM_Eresult[2]_OTERM711_OTERM925                                                              ; Retimed Register ; Timing optimization ;
; riscv:CPU|EM_Eresult[2]_OTERM713                                                                       ; Retimed Register ; Timing optimization ;
; riscv:CPU|EM_Eresult[2]~31                                                                             ; Modified         ; Timing optimization ;
; riscv:CPU|EM_Eresult[3]                                                                                ; Deleted          ; Timing optimization ;
; riscv:CPU|EM_Eresult[3]_OTERM193                                                                       ; Retimed Register ; Timing optimization ;
; riscv:CPU|EM_Eresult[3]_OTERM695                                                                       ; Retimed Register ; Timing optimization ;
; riscv:CPU|EM_Eresult[3]_OTERM697_OTERM897                                                              ; Retimed Register ; Timing optimization ;
; riscv:CPU|EM_Eresult[3]_OTERM697_OTERM899                                                              ; Retimed Register ; Timing optimization ;
; riscv:CPU|EM_Eresult[4]                                                                                ; Deleted          ; Timing optimization ;
; riscv:CPU|EM_Eresult[4]_OTERM155                                                                       ; Retimed Register ; Timing optimization ;
; riscv:CPU|EM_Eresult[4]_OTERM717                                                                       ; Retimed Register ; Timing optimization ;
; riscv:CPU|EM_Eresult[4]_OTERM719_OTERM917                                                              ; Retimed Register ; Timing optimization ;
; riscv:CPU|EM_Eresult[4]_OTERM719_OTERM919                                                              ; Retimed Register ; Timing optimization ;
; riscv:CPU|EM_Eresult[5]                                                                                ; Deleted          ; Timing optimization ;
; riscv:CPU|EM_Eresult[5]_OTERM157                                                                       ; Retimed Register ; Timing optimization ;
; riscv:CPU|EM_Eresult[5]_OTERM699                                                                       ; Retimed Register ; Timing optimization ;
; riscv:CPU|EM_Eresult[5]_OTERM701_OTERM893                                                              ; Retimed Register ; Timing optimization ;
; riscv:CPU|EM_Eresult[5]_OTERM701_OTERM895                                                              ; Retimed Register ; Timing optimization ;
; riscv:CPU|EM_Eresult[6]                                                                                ; Deleted          ; Timing optimization ;
; riscv:CPU|EM_Eresult[6]_OTERM163                                                                       ; Retimed Register ; Timing optimization ;
; riscv:CPU|EM_Eresult[6]_OTERM721                                                                       ; Retimed Register ; Timing optimization ;
; riscv:CPU|EM_Eresult[6]_OTERM723_OTERM913                                                              ; Retimed Register ; Timing optimization ;
; riscv:CPU|EM_Eresult[6]_OTERM723_OTERM915                                                              ; Retimed Register ; Timing optimization ;
; riscv:CPU|EM_Eresult[7]                                                                                ; Deleted          ; Timing optimization ;
; riscv:CPU|EM_Eresult[7]_OTERM161                                                                       ; Retimed Register ; Timing optimization ;
; riscv:CPU|EM_Eresult[7]_OTERM395                                                                       ; Retimed Register ; Timing optimization ;
; riscv:CPU|EM_Eresult[7]_OTERM397_OTERM557                                                              ; Retimed Register ; Timing optimization ;
; riscv:CPU|EM_Eresult[7]_OTERM397_OTERM559_OTERM933                                                     ; Retimed Register ; Timing optimization ;
; riscv:CPU|EM_Eresult[7]_OTERM397_OTERM559_OTERM935_OTERM1199                                           ; Retimed Register ; Timing optimization ;
; riscv:CPU|EM_Eresult[7]_OTERM397_OTERM559_OTERM935_OTERM1201                                           ; Retimed Register ; Timing optimization ;
; riscv:CPU|EM_Eresult[7]_OTERM397_OTERM559_OTERM935_OTERM1203                                           ; Retimed Register ; Timing optimization ;
; riscv:CPU|EM_Eresult[7]_OTERM397_OTERM559_OTERM937                                                     ; Retimed Register ; Timing optimization ;
; riscv:CPU|EM_Eresult[8]                                                                                ; Deleted          ; Timing optimization ;
; riscv:CPU|EM_Eresult[8]_OTERM167                                                                       ; Retimed Register ; Timing optimization ;
; riscv:CPU|EM_Eresult[8]_OTERM375                                                                       ; Retimed Register ; Timing optimization ;
; riscv:CPU|EM_Eresult[8]_OTERM377_OTERM525                                                              ; Retimed Register ; Timing optimization ;
; riscv:CPU|EM_Eresult[8]_OTERM377_OTERM527_OTERM843                                                     ; Retimed Register ; Timing optimization ;
; riscv:CPU|EM_Eresult[8]_OTERM377_OTERM527_OTERM845                                                     ; Retimed Register ; Timing optimization ;
; riscv:CPU|EM_Eresult[8]_OTERM377_OTERM527_OTERM847_OTERM1151                                           ; Retimed Register ; Timing optimization ;
; riscv:CPU|EM_Eresult[8]_OTERM377_OTERM527_OTERM847_OTERM1153                                           ; Retimed Register ; Timing optimization ;
; riscv:CPU|EM_Eresult[8]_OTERM377_OTERM527_OTERM847_OTERM1155                                           ; Retimed Register ; Timing optimization ;
; riscv:CPU|EM_Eresult[9]                                                                                ; Deleted          ; Timing optimization ;
; riscv:CPU|EM_Eresult[9]_OTERM211                                                                       ; Retimed Register ; Timing optimization ;
; riscv:CPU|EM_Eresult[9]_OTERM703                                                                       ; Retimed Register ; Timing optimization ;
; riscv:CPU|EM_Eresult[9]_OTERM705_OTERM909                                                              ; Retimed Register ; Timing optimization ;
; riscv:CPU|EM_Eresult[9]_OTERM705_OTERM911                                                              ; Retimed Register ; Timing optimization ;
; riscv:CPU|EM_Eresult[10]                                                                               ; Deleted          ; Timing optimization ;
; riscv:CPU|EM_Eresult[10]_OTERM191                                                                      ; Retimed Register ; Timing optimization ;
; riscv:CPU|EM_Eresult[10]_OTERM347                                                                      ; Retimed Register ; Timing optimization ;
; riscv:CPU|EM_Eresult[10]_OTERM349_OTERM463                                                             ; Retimed Register ; Timing optimization ;
; riscv:CPU|EM_Eresult[10]_OTERM349_OTERM465_OTERM817                                                    ; Retimed Register ; Timing optimization ;
; riscv:CPU|EM_Eresult[10]_OTERM349_OTERM465_OTERM819_OTERM1095                                          ; Retimed Register ; Timing optimization ;
; riscv:CPU|EM_Eresult[10]_OTERM349_OTERM465_OTERM819_OTERM1097                                          ; Retimed Register ; Timing optimization ;
; riscv:CPU|EM_Eresult[10]_OTERM349_OTERM465_OTERM819_OTERM1099                                          ; Retimed Register ; Timing optimization ;
; riscv:CPU|EM_Eresult[10]_OTERM349_OTERM465_OTERM819_OTERM1101                                          ; Retimed Register ; Timing optimization ;
; riscv:CPU|EM_Eresult[11]                                                                               ; Deleted          ; Timing optimization ;
; riscv:CPU|EM_Eresult[11]_OTERM209                                                                      ; Retimed Register ; Timing optimization ;
; riscv:CPU|EM_Eresult[11]_OTERM399                                                                      ; Retimed Register ; Timing optimization ;
; riscv:CPU|EM_Eresult[11]_OTERM401_OTERM561                                                             ; Retimed Register ; Timing optimization ;
; riscv:CPU|EM_Eresult[11]_OTERM401_OTERM563_OTERM1061                                                   ; Retimed Register ; Timing optimization ;
; riscv:CPU|EM_Eresult[11]_OTERM401_OTERM563_OTERM1063                                                   ; Retimed Register ; Timing optimization ;
; riscv:CPU|EM_Eresult[12]                                                                               ; Deleted          ; Timing optimization ;
; riscv:CPU|EM_Eresult[12]_OTERM165                                                                      ; Retimed Register ; Timing optimization ;
; riscv:CPU|EM_Eresult[12]_OTERM407                                                                      ; Retimed Register ; Timing optimization ;
; riscv:CPU|EM_Eresult[12]_OTERM409_OTERM583                                                             ; Retimed Register ; Timing optimization ;
; riscv:CPU|EM_Eresult[12]_OTERM409_OTERM585_OTERM1073                                                   ; Retimed Register ; Timing optimization ;
; riscv:CPU|EM_Eresult[12]_OTERM409_OTERM585_OTERM1075                                                   ; Retimed Register ; Timing optimization ;
; riscv:CPU|EM_Eresult[13]                                                                               ; Deleted          ; Timing optimization ;
; riscv:CPU|EM_Eresult[13]_OTERM89                                                                       ; Retimed Register ; Timing optimization ;
; riscv:CPU|EM_Eresult[13]_OTERM725                                                                      ; Retimed Register ; Timing optimization ;
; riscv:CPU|EM_Eresult[13]_OTERM727_OTERM999                                                             ; Retimed Register ; Timing optimization ;
; riscv:CPU|EM_Eresult[13]_OTERM727_OTERM1001                                                            ; Retimed Register ; Timing optimization ;
; riscv:CPU|EM_Eresult[14]                                                                               ; Deleted          ; Timing optimization ;
; riscv:CPU|EM_Eresult[14]_OTERM189                                                                      ; Retimed Register ; Timing optimization ;
; riscv:CPU|EM_Eresult[14]_OTERM391                                                                      ; Retimed Register ; Timing optimization ;
; riscv:CPU|EM_Eresult[14]_OTERM393_OTERM541                                                             ; Retimed Register ; Timing optimization ;
; riscv:CPU|EM_Eresult[14]_OTERM393_OTERM543_OTERM873                                                    ; Retimed Register ; Timing optimization ;
; riscv:CPU|EM_Eresult[14]_OTERM393_OTERM543_OTERM875                                                    ; Retimed Register ; Timing optimization ;
; riscv:CPU|EM_Eresult[14]_OTERM393_OTERM543_OTERM877_OTERM1179                                          ; Retimed Register ; Timing optimization ;
; riscv:CPU|EM_Eresult[14]_OTERM393_OTERM543_OTERM877_OTERM1181                                          ; Retimed Register ; Timing optimization ;
; riscv:CPU|EM_Eresult[14]_OTERM393_OTERM543_OTERM877_OTERM1183                                          ; Retimed Register ; Timing optimization ;
; riscv:CPU|EM_Eresult[15]                                                                               ; Deleted          ; Timing optimization ;
; riscv:CPU|EM_Eresult[15]_OTERM187                                                                      ; Retimed Register ; Timing optimization ;
; riscv:CPU|EM_Eresult[15]_OTERM383                                                                      ; Retimed Register ; Timing optimization ;
; riscv:CPU|EM_Eresult[15]_OTERM385_OTERM533                                                             ; Retimed Register ; Timing optimization ;
; riscv:CPU|EM_Eresult[15]_OTERM385_OTERM535_OTERM863                                                    ; Retimed Register ; Timing optimization ;
; riscv:CPU|EM_Eresult[15]_OTERM385_OTERM535_OTERM865                                                    ; Retimed Register ; Timing optimization ;
; riscv:CPU|EM_Eresult[15]_OTERM385_OTERM535_OTERM867_OTERM1171                                          ; Retimed Register ; Timing optimization ;
; riscv:CPU|EM_Eresult[15]_OTERM385_OTERM535_OTERM867_OTERM1173                                          ; Retimed Register ; Timing optimization ;
; riscv:CPU|EM_Eresult[15]_OTERM385_OTERM535_OTERM867_OTERM1175                                          ; Retimed Register ; Timing optimization ;
; riscv:CPU|EM_Eresult[15]_OTERM385_OTERM535_OTERM867_OTERM1177                                          ; Retimed Register ; Timing optimization ;
; riscv:CPU|EM_Eresult[16]                                                                               ; Deleted          ; Timing optimization ;
; riscv:CPU|EM_Eresult[16]_OTERM185                                                                      ; Retimed Register ; Timing optimization ;
; riscv:CPU|EM_Eresult[16]_OTERM371                                                                      ; Retimed Register ; Timing optimization ;
; riscv:CPU|EM_Eresult[16]_OTERM373_OTERM521                                                             ; Retimed Register ; Timing optimization ;
; riscv:CPU|EM_Eresult[16]_OTERM373_OTERM523_OTERM939                                                    ; Retimed Register ; Timing optimization ;
; riscv:CPU|EM_Eresult[16]_OTERM373_OTERM523_OTERM941_OTERM1205                                          ; Retimed Register ; Timing optimization ;
; riscv:CPU|EM_Eresult[16]_OTERM373_OTERM523_OTERM941_OTERM1207                                          ; Retimed Register ; Timing optimization ;
; riscv:CPU|EM_Eresult[16]_OTERM373_OTERM523_OTERM941_OTERM1209                                          ; Retimed Register ; Timing optimization ;
; riscv:CPU|EM_Eresult[16]_OTERM373_OTERM523_OTERM941_OTERM1211                                          ; Retimed Register ; Timing optimization ;
; riscv:CPU|EM_Eresult[17]                                                                               ; Deleted          ; Timing optimization ;
; riscv:CPU|EM_Eresult[17]_OTERM183                                                                      ; Retimed Register ; Timing optimization ;
; riscv:CPU|EM_Eresult[17]_OTERM707                                                                      ; Retimed Register ; Timing optimization ;
; riscv:CPU|EM_Eresult[17]_OTERM709_OTERM901                                                             ; Retimed Register ; Timing optimization ;
; riscv:CPU|EM_Eresult[17]_OTERM709_OTERM903                                                             ; Retimed Register ; Timing optimization ;
; riscv:CPU|EM_Eresult[18]                                                                               ; Deleted          ; Timing optimization ;
; riscv:CPU|EM_Eresult[18]_OTERM181                                                                      ; Retimed Register ; Timing optimization ;
; riscv:CPU|EM_Eresult[18]_OTERM683                                                                      ; Retimed Register ; Timing optimization ;
; riscv:CPU|EM_Eresult[18]_OTERM685_OTERM849                                                             ; Retimed Register ; Timing optimization ;
; riscv:CPU|EM_Eresult[18]_OTERM685_OTERM851_OTERM1165                                                   ; Retimed Register ; Timing optimization ;
; riscv:CPU|EM_Eresult[18]_OTERM685_OTERM851_OTERM1167                                                   ; Retimed Register ; Timing optimization ;
; riscv:CPU|EM_Eresult[18]_OTERM685_OTERM851_OTERM1169                                                   ; Retimed Register ; Timing optimization ;
; riscv:CPU|EM_Eresult[19]                                                                               ; Deleted          ; Timing optimization ;
; riscv:CPU|EM_Eresult[19]_OTERM179                                                                      ; Retimed Register ; Timing optimization ;
; riscv:CPU|EM_Eresult[19]_OTERM691                                                                      ; Retimed Register ; Timing optimization ;
; riscv:CPU|EM_Eresult[19]_OTERM693_OTERM869                                                             ; Retimed Register ; Timing optimization ;
; riscv:CPU|EM_Eresult[19]_OTERM693_OTERM871_OTERM1193                                                   ; Retimed Register ; Timing optimization ;
; riscv:CPU|EM_Eresult[19]_OTERM693_OTERM871_OTERM1195                                                   ; Retimed Register ; Timing optimization ;
; riscv:CPU|EM_Eresult[19]_OTERM693_OTERM871_OTERM1197                                                   ; Retimed Register ; Timing optimization ;
; riscv:CPU|EM_Eresult[20]                                                                               ; Deleted          ; Timing optimization ;
; riscv:CPU|EM_Eresult[20]_OTERM177                                                                      ; Retimed Register ; Timing optimization ;
; riscv:CPU|EM_Eresult[20]_OTERM687                                                                      ; Retimed Register ; Timing optimization ;
; riscv:CPU|EM_Eresult[20]_OTERM689_OTERM853                                                             ; Retimed Register ; Timing optimization ;
; riscv:CPU|EM_Eresult[20]_OTERM689_OTERM855_OTERM1187                                                   ; Retimed Register ; Timing optimization ;
; riscv:CPU|EM_Eresult[20]_OTERM689_OTERM855_OTERM1189                                                   ; Retimed Register ; Timing optimization ;
; riscv:CPU|EM_Eresult[20]_OTERM689_OTERM855_OTERM1191                                                   ; Retimed Register ; Timing optimization ;
; riscv:CPU|EM_Eresult[21]                                                                               ; Deleted          ; Timing optimization ;
; riscv:CPU|EM_Eresult[21]_OTERM175                                                                      ; Retimed Register ; Timing optimization ;
; riscv:CPU|EM_Eresult[21]_OTERM679                                                                      ; Retimed Register ; Timing optimization ;
; riscv:CPU|EM_Eresult[21]_OTERM681_OTERM839                                                             ; Retimed Register ; Timing optimization ;
; riscv:CPU|EM_Eresult[21]_OTERM681_OTERM841_OTERM1159                                                   ; Retimed Register ; Timing optimization ;
; riscv:CPU|EM_Eresult[21]_OTERM681_OTERM841_OTERM1161                                                   ; Retimed Register ; Timing optimization ;
; riscv:CPU|EM_Eresult[21]_OTERM681_OTERM841_OTERM1163                                                   ; Retimed Register ; Timing optimization ;
; riscv:CPU|EM_Eresult[22]                                                                               ; Deleted          ; Timing optimization ;
; riscv:CPU|EM_Eresult[22]_OTERM173                                                                      ; Retimed Register ; Timing optimization ;
; riscv:CPU|EM_Eresult[22]_OTERM675                                                                      ; Retimed Register ; Timing optimization ;
; riscv:CPU|EM_Eresult[22]_OTERM677_OTERM821                                                             ; Retimed Register ; Timing optimization ;
; riscv:CPU|EM_Eresult[22]_OTERM677_OTERM823_OTERM1141                                                   ; Retimed Register ; Timing optimization ;
; riscv:CPU|EM_Eresult[22]_OTERM677_OTERM823_OTERM1143                                                   ; Retimed Register ; Timing optimization ;
; riscv:CPU|EM_Eresult[22]_OTERM677_OTERM823_OTERM1145                                                   ; Retimed Register ; Timing optimization ;
; riscv:CPU|EM_Eresult[23]                                                                               ; Deleted          ; Timing optimization ;
; riscv:CPU|EM_Eresult[23]_OTERM171                                                                      ; Retimed Register ; Timing optimization ;
; riscv:CPU|EM_Eresult[23]_OTERM415                                                                      ; Retimed Register ; Timing optimization ;
; riscv:CPU|EM_Eresult[23]_OTERM417_OTERM587                                                             ; Retimed Register ; Timing optimization ;
; riscv:CPU|EM_Eresult[23]_OTERM417_OTERM589_OTERM967                                                    ; Retimed Register ; Timing optimization ;
; riscv:CPU|EM_Eresult[23]_OTERM417_OTERM589_OTERM969                                                    ; Retimed Register ; Timing optimization ;
; riscv:CPU|EM_Eresult[23]_OTERM417_OTERM589_OTERM971                                                    ; Retimed Register ; Timing optimization ;
; riscv:CPU|EM_Eresult[24]                                                                               ; Deleted          ; Timing optimization ;
; riscv:CPU|EM_Eresult[24]_OTERM169                                                                      ; Retimed Register ; Timing optimization ;
; riscv:CPU|EM_Eresult[24]_OTERM403                                                                      ; Retimed Register ; Timing optimization ;
; riscv:CPU|EM_Eresult[24]_OTERM405_OTERM573                                                             ; Retimed Register ; Timing optimization ;
; riscv:CPU|EM_Eresult[24]_OTERM405_OTERM575_OTERM947                                                    ; Retimed Register ; Timing optimization ;
; riscv:CPU|EM_Eresult[24]_OTERM405_OTERM575_OTERM949                                                    ; Retimed Register ; Timing optimization ;
; riscv:CPU|EM_Eresult[24]_OTERM405_OTERM575_OTERM951                                                    ; Retimed Register ; Timing optimization ;
; riscv:CPU|EM_Eresult[25]                                                                               ; Deleted          ; Timing optimization ;
; riscv:CPU|EM_Eresult[25]_OTERM207                                                                      ; Retimed Register ; Timing optimization ;
; riscv:CPU|EM_Eresult[25]_OTERM411                                                                      ; Retimed Register ; Timing optimization ;
; riscv:CPU|EM_Eresult[25]_OTERM413_OTERM577                                                             ; Retimed Register ; Timing optimization ;
; riscv:CPU|EM_Eresult[25]_OTERM413_OTERM579                                                             ; Retimed Register ; Timing optimization ;
; riscv:CPU|EM_Eresult[25]_OTERM413_OTERM581_OTERM1013                                                   ; Retimed Register ; Timing optimization ;
; riscv:CPU|EM_Eresult[25]_OTERM413_OTERM581_OTERM1015                                                   ; Retimed Register ; Timing optimization ;
; riscv:CPU|EM_Eresult[25]_OTERM413_OTERM581_OTERM1017                                                   ; Retimed Register ; Timing optimization ;
; riscv:CPU|EM_Eresult[26]                                                                               ; Deleted          ; Timing optimization ;
; riscv:CPU|EM_Eresult[26]_OTERM205                                                                      ; Retimed Register ; Timing optimization ;
; riscv:CPU|EM_Eresult[26]_OTERM343                                                                      ; Retimed Register ; Timing optimization ;
; riscv:CPU|EM_Eresult[26]_OTERM345_OTERM459                                                             ; Retimed Register ; Timing optimization ;
; riscv:CPU|EM_Eresult[26]_OTERM345_OTERM461_OTERM807                                                    ; Retimed Register ; Timing optimization ;
; riscv:CPU|EM_Eresult[26]_OTERM345_OTERM461_OTERM809_OTERM1087                                          ; Retimed Register ; Timing optimization ;
; riscv:CPU|EM_Eresult[26]_OTERM345_OTERM461_OTERM809_OTERM1089                                          ; Retimed Register ; Timing optimization ;
; riscv:CPU|EM_Eresult[26]_OTERM345_OTERM461_OTERM809_OTERM1091                                          ; Retimed Register ; Timing optimization ;
; riscv:CPU|EM_Eresult[26]_OTERM345_OTERM461_OTERM809_OTERM1093                                          ; Retimed Register ; Timing optimization ;
; riscv:CPU|EM_Eresult[27]                                                                               ; Deleted          ; Timing optimization ;
; riscv:CPU|EM_Eresult[27]_OTERM203                                                                      ; Retimed Register ; Timing optimization ;
; riscv:CPU|EM_Eresult[27]_OTERM387                                                                      ; Retimed Register ; Timing optimization ;
; riscv:CPU|EM_Eresult[27]_OTERM389_OTERM537                                                             ; Retimed Register ; Timing optimization ;
; riscv:CPU|EM_Eresult[27]_OTERM389_OTERM539_OTERM955                                                    ; Retimed Register ; Timing optimization ;
; riscv:CPU|EM_Eresult[27]_OTERM389_OTERM539_OTERM957                                                    ; Retimed Register ; Timing optimization ;
; riscv:CPU|EM_Eresult[28]                                                                               ; Deleted          ; Timing optimization ;
; riscv:CPU|EM_Eresult[28]_OTERM201                                                                      ; Retimed Register ; Timing optimization ;
; riscv:CPU|EM_Eresult[28]_OTERM379                                                                      ; Retimed Register ; Timing optimization ;
; riscv:CPU|EM_Eresult[28]_OTERM381_OTERM529                                                             ; Retimed Register ; Timing optimization ;
; riscv:CPU|EM_Eresult[28]_OTERM381_OTERM531_OTERM943                                                    ; Retimed Register ; Timing optimization ;
; riscv:CPU|EM_Eresult[28]_OTERM381_OTERM531_OTERM945                                                    ; Retimed Register ; Timing optimization ;
; riscv:CPU|EM_Eresult[29]                                                                               ; Deleted          ; Timing optimization ;
; riscv:CPU|EM_Eresult[29]_OTERM199                                                                      ; Retimed Register ; Timing optimization ;
; riscv:CPU|EM_Eresult[29]_OTERM367                                                                      ; Retimed Register ; Timing optimization ;
; riscv:CPU|EM_Eresult[29]_OTERM369_OTERM515                                                             ; Retimed Register ; Timing optimization ;
; riscv:CPU|EM_Eresult[29]_OTERM369_OTERM517                                                             ; Retimed Register ; Timing optimization ;
; riscv:CPU|EM_Eresult[29]_OTERM369_OTERM519_OTERM825                                                    ; Retimed Register ; Timing optimization ;
; riscv:CPU|EM_Eresult[29]_OTERM369_OTERM519_OTERM827                                                    ; Retimed Register ; Timing optimization ;
; riscv:CPU|EM_Eresult[29]_OTERM369_OTERM519_OTERM829_OTERM1119                                          ; Retimed Register ; Timing optimization ;
; riscv:CPU|EM_Eresult[29]_OTERM369_OTERM519_OTERM829_OTERM1121                                          ; Retimed Register ; Timing optimization ;
; riscv:CPU|EM_Eresult[29]_OTERM369_OTERM519_OTERM829_OTERM1123                                          ; Retimed Register ; Timing optimization ;
; riscv:CPU|EM_Eresult[30]                                                                               ; Deleted          ; Timing optimization ;
; riscv:CPU|EM_Eresult[30]_OTERM197                                                                      ; Retimed Register ; Timing optimization ;
; riscv:CPU|EM_Eresult[30]_OTERM363                                                                      ; Retimed Register ; Timing optimization ;
; riscv:CPU|EM_Eresult[30]_OTERM365_OTERM485                                                             ; Retimed Register ; Timing optimization ;
; riscv:CPU|EM_Eresult[30]_OTERM365_OTERM487                                                             ; Retimed Register ; Timing optimization ;
; riscv:CPU|EM_Eresult[30]_OTERM365_OTERM489_OTERM811                                                    ; Retimed Register ; Timing optimization ;
; riscv:CPU|EM_Eresult[30]_OTERM365_OTERM489_OTERM813                                                    ; Retimed Register ; Timing optimization ;
; riscv:CPU|EM_Eresult[30]_OTERM365_OTERM489_OTERM815_OTERM1103                                          ; Retimed Register ; Timing optimization ;
; riscv:CPU|EM_Eresult[30]_OTERM365_OTERM489_OTERM815_OTERM1105                                          ; Retimed Register ; Timing optimization ;
; riscv:CPU|EM_Eresult[30]_OTERM365_OTERM489_OTERM815_OTERM1107                                          ; Retimed Register ; Timing optimization ;
; riscv:CPU|EM_Eresult[30]_OTERM365_OTERM489_OTERM815_OTERM1109                                          ; Retimed Register ; Timing optimization ;
; riscv:CPU|EM_Eresult[31]                                                                               ; Deleted          ; Timing optimization ;
; riscv:CPU|EM_Eresult[31]_OTERM195                                                                      ; Retimed Register ; Timing optimization ;
; riscv:CPU|EM_Eresult[31]_OTERM295                                                                      ; Retimed Register ; Timing optimization ;
; riscv:CPU|EM_Eresult[31]_OTERM297_OTERM455                                                             ; Retimed Register ; Timing optimization ;
; riscv:CPU|EM_Eresult[31]_OTERM297_OTERM457_OTERM795                                                    ; Retimed Register ; Timing optimization ;
; riscv:CPU|EM_Eresult[31]_OTERM297_OTERM457_OTERM797                                                    ; Retimed Register ; Timing optimization ;
; riscv:CPU|EM_Eresult[31]_OTERM297_OTERM457_OTERM799_OTERM1079                                          ; Retimed Register ; Timing optimization ;
; riscv:CPU|EM_Eresult[31]_OTERM297_OTERM457_OTERM799_OTERM1081                                          ; Retimed Register ; Timing optimization ;
; riscv:CPU|EM_Eresult[31]_OTERM297_OTERM457_OTERM799_OTERM1083                                          ; Retimed Register ; Timing optimization ;
; riscv:CPU|EM_JumpOrBranch~0                                                                            ; Deleted          ; Timing optimization ;
; riscv:CPU|EM_JumpOrBranch~1                                                                            ; Deleted          ; Timing optimization ;
; riscv:CPU|EM_JumpOrBranch~2                                                                            ; Modified         ; Timing optimization ;
; riscv:CPU|EM_JumpOrBranch~2_RESYN1416_BDD1417                                                          ; Created          ; Timing optimization ;
; riscv:CPU|EM_JumpOrBranch~2_RESYN1418_BDD1419                                                          ; Created          ; Timing optimization ;
; riscv:CPU|EM_JumpOrBranch~2_RESYN1420_BDD1421                                                          ; Created          ; Timing optimization ;
; riscv:CPU|EM_JumpOrBranch~2_RESYN1426_BDD1427                                                          ; Created          ; Timing optimization ;
; riscv:CPU|EM_JumpOrBranch~2_RESYN1428_BDD1429                                                          ; Created          ; Timing optimization ;
; riscv:CPU|E_JumpOrBranchAddress[0]~13                                                                  ; Modified         ; Timing optimization ;
; riscv:CPU|E_addr[0]~0                                                                                  ; Modified         ; Timing optimization ;
; riscv:CPU|E_result[0]~3                                                                                ; Modified         ; Timing optimization ;
; riscv:CPU|E_result[1]~59                                                                               ; Deleted          ; Timing optimization ;
; riscv:CPU|E_result[1]~60                                                                               ; Modified         ; Timing optimization ;
; riscv:CPU|E_result[1]~60_RESYN1320_BDD1321                                                             ; Created          ; Timing optimization ;
; riscv:CPU|E_result[1]~60_RESYN1322_BDD1323                                                             ; Created          ; Timing optimization ;
; riscv:CPU|E_result[1]~60_RESYN1324_BDD1325                                                             ; Created          ; Timing optimization ;
; riscv:CPU|E_result[1]~60_RESYN1326_BDD1327                                                             ; Created          ; Timing optimization ;
; riscv:CPU|E_result[1]~60_RESYN1328_BDD1329                                                             ; Created          ; Timing optimization ;
; riscv:CPU|E_result~51                                                                                  ; Deleted          ; Timing optimization ;
; riscv:CPU|E_result~52                                                                                  ; Modified         ; Timing optimization ;
; riscv:CPU|E_result~52_RESYN1404_BDD1405                                                                ; Created          ; Timing optimization ;
; riscv:CPU|E_result~52_RESYN1406_BDD1407                                                                ; Created          ; Timing optimization ;
; riscv:CPU|E_result~52_RESYN1408_BDD1409                                                                ; Created          ; Timing optimization ;
; riscv:CPU|E_result~52_RESYN1410_BDD1411                                                                ; Created          ; Timing optimization ;
; riscv:CPU|E_result~52_RESYN1412_BDD1413                                                                ; Created          ; Timing optimization ;
; riscv:CPU|E_result~52_RESYN1414_BDD1415                                                                ; Created          ; Timing optimization ;
; riscv:CPU|E_result~63                                                                                  ; Deleted          ; Timing optimization ;
; riscv:CPU|E_result~64                                                                                  ; Deleted          ; Timing optimization ;
; riscv:CPU|E_result~65                                                                                  ; Deleted          ; Timing optimization ;
; riscv:CPU|E_result~66                                                                                  ; Deleted          ; Timing optimization ;
; riscv:CPU|E_result~67                                                                                  ; Modified         ; Timing optimization ;
; riscv:CPU|E_result~67_RESYN1340_BDD1341                                                                ; Created          ; Timing optimization ;
; riscv:CPU|E_result~67_RESYN1342_BDD1343                                                                ; Created          ; Timing optimization ;
; riscv:CPU|E_result~67_RESYN1344_BDD1345                                                                ; Created          ; Timing optimization ;
; riscv:CPU|E_result~67_RESYN1346_BDD1347                                                                ; Created          ; Timing optimization ;
; riscv:CPU|E_result~67_RESYN1348_BDD1349                                                                ; Created          ; Timing optimization ;
; riscv:CPU|E_result~67_RESYN1350_BDD1351                                                                ; Created          ; Timing optimization ;
; riscv:CPU|E_result~67_RESYN1352_BDD1353                                                                ; Created          ; Timing optimization ;
; riscv:CPU|E_result~75                                                                                  ; Deleted          ; Timing optimization ;
; riscv:CPU|E_result~76                                                                                  ; Modified         ; Timing optimization ;
; riscv:CPU|E_result~76_RESYN1256_BDD1257                                                                ; Created          ; Timing optimization ;
; riscv:CPU|E_result~76_RESYN1258_BDD1259                                                                ; Created          ; Timing optimization ;
; riscv:CPU|MW_WBdata[0]                                                                                 ; Deleted          ; Timing optimization ;
; riscv:CPU|MW_WBdata[0]_OTERM101                                                                        ; Retimed Register ; Timing optimization ;
; riscv:CPU|MW_WBdata[0]_OTERM359_OTERM553_OTERM987                                                      ; Retimed Register ; Timing optimization ;
; riscv:CPU|MW_WBdata[0]_OTERM359_OTERM553_OTERM989                                                      ; Retimed Register ; Timing optimization ;
; riscv:CPU|MW_WBdata[0]_OTERM359_OTERM553_OTERM991                                                      ; Retimed Register ; Timing optimization ;
; riscv:CPU|MW_WBdata[0]_OTERM359_OTERM555_OTERM889                                                      ; Retimed Register ; Timing optimization ;
; riscv:CPU|MW_WBdata[0]_OTERM361                                                                        ; Retimed Register ; Timing optimization ;
; riscv:CPU|MW_WBdata[1]                                                                                 ; Deleted          ; Timing optimization ;
; riscv:CPU|MW_WBdata[1]_OTERM95                                                                         ; Retimed Register ; Timing optimization ;
; riscv:CPU|MW_WBdata[1]_OTERM221_OTERM419                                                               ; Retimed Register ; Timing optimization ;
; riscv:CPU|MW_WBdata[1]_OTERM221_OTERM421_OTERM993                                                      ; Retimed Register ; Timing optimization ;
; riscv:CPU|MW_WBdata[1]_OTERM221_OTERM421_OTERM995                                                      ; Retimed Register ; Timing optimization ;
; riscv:CPU|MW_WBdata[1]_OTERM221_OTERM421_OTERM997                                                      ; Retimed Register ; Timing optimization ;
; riscv:CPU|MW_WBdata[1]_OTERM221_OTERM423_OTERM789                                                      ; Retimed Register ; Timing optimization ;
; riscv:CPU|MW_WBdata[1]_OTERM221_OTERM423_OTERM791_OTERM1085                                            ; Retimed Register ; Timing optimization ;
; riscv:CPU|MW_WBdata[1]_OTERM221_OTERM423_OTERM793_OTERM1185                                            ; Retimed Register ; Timing optimization ;
; riscv:CPU|MW_WBdata[1]_OTERM223                                                                        ; Retimed Register ; Timing optimization ;
; riscv:CPU|MW_WBdata[1]_OTERM225                                                                        ; Retimed Register ; Timing optimization ;
; riscv:CPU|MW_WBdata[2]                                                                                 ; Deleted          ; Timing optimization ;
; riscv:CPU|MW_WBdata[2]_OTERM99                                                                         ; Retimed Register ; Timing optimization ;
; riscv:CPU|MW_WBdata[2]_OTERM279_OTERM471_OTERM879                                                      ; Retimed Register ; Timing optimization ;
; riscv:CPU|MW_WBdata[2]_OTERM279_OTERM471_OTERM881_OTERM1133                                            ; Retimed Register ; Timing optimization ;
; riscv:CPU|MW_WBdata[2]_OTERM279_OTERM471_OTERM881_OTERM1135                                            ; Retimed Register ; Timing optimization ;
; riscv:CPU|MW_WBdata[2]_OTERM279_OTERM471_OTERM881_OTERM1137                                            ; Retimed Register ; Timing optimization ;
; riscv:CPU|MW_WBdata[2]_OTERM279_OTERM471_OTERM881_OTERM1139                                            ; Retimed Register ; Timing optimization ;
; riscv:CPU|MW_WBdata[2]_OTERM279_OTERM473_OTERM801                                                      ; Retimed Register ; Timing optimization ;
; riscv:CPU|MW_WBdata[2]_OTERM281                                                                        ; Retimed Register ; Timing optimization ;
; riscv:CPU|MW_WBdata[3]                                                                                 ; Deleted          ; Timing optimization ;
; riscv:CPU|MW_WBdata[3]_OTERM91                                                                         ; Retimed Register ; Timing optimization ;
; riscv:CPU|MW_WBdata[3]_OTERM287_OTERM475_OTERM831                                                      ; Retimed Register ; Timing optimization ;
; riscv:CPU|MW_WBdata[3]_OTERM287_OTERM475_OTERM833                                                      ; Retimed Register ; Timing optimization ;
; riscv:CPU|MW_WBdata[3]_OTERM287_OTERM475_OTERM835_OTERM1111                                            ; Retimed Register ; Timing optimization ;
; riscv:CPU|MW_WBdata[3]_OTERM287_OTERM475_OTERM835_OTERM1113                                            ; Retimed Register ; Timing optimization ;
; riscv:CPU|MW_WBdata[3]_OTERM287_OTERM475_OTERM835_OTERM1115                                            ; Retimed Register ; Timing optimization ;
; riscv:CPU|MW_WBdata[3]_OTERM287_OTERM475_OTERM835_OTERM1117                                            ; Retimed Register ; Timing optimization ;
; riscv:CPU|MW_WBdata[3]_OTERM287_OTERM475_OTERM837                                                      ; Retimed Register ; Timing optimization ;
; riscv:CPU|MW_WBdata[3]_OTERM287_OTERM477_OTERM891_OTERM1157                                            ; Retimed Register ; Timing optimization ;
; riscv:CPU|MW_WBdata[3]_OTERM289                                                                        ; Retimed Register ; Timing optimization ;
; riscv:CPU|MW_WBdata[4]                                                                                 ; Deleted          ; Timing optimization ;
; riscv:CPU|MW_WBdata[4]_OTERM97                                                                         ; Retimed Register ; Timing optimization ;
; riscv:CPU|MW_WBdata[4]_OTERM351_OTERM549_OTERM975                                                      ; Retimed Register ; Timing optimization ;
; riscv:CPU|MW_WBdata[4]_OTERM351_OTERM549_OTERM977                                                      ; Retimed Register ; Timing optimization ;
; riscv:CPU|MW_WBdata[4]_OTERM351_OTERM549_OTERM979                                                      ; Retimed Register ; Timing optimization ;
; riscv:CPU|MW_WBdata[4]_OTERM353                                                                        ; Retimed Register ; Timing optimization ;
; riscv:CPU|MW_WBdata[5]                                                                                 ; Deleted          ; Timing optimization ;
; riscv:CPU|MW_WBdata[5]_OTERM93                                                                         ; Retimed Register ; Timing optimization ;
; riscv:CPU|MW_WBdata[5]_OTERM355_OTERM545_OTERM981                                                      ; Retimed Register ; Timing optimization ;
; riscv:CPU|MW_WBdata[5]_OTERM355_OTERM545_OTERM983                                                      ; Retimed Register ; Timing optimization ;
; riscv:CPU|MW_WBdata[5]_OTERM355_OTERM545_OTERM985                                                      ; Retimed Register ; Timing optimization ;
; riscv:CPU|MW_WBdata[5]_OTERM357                                                                        ; Retimed Register ; Timing optimization ;
; riscv:CPU|MW_WBdata[6]                                                                                 ; Deleted          ; Timing optimization ;
; riscv:CPU|MW_WBdata[6]_OTERM103                                                                        ; Retimed Register ; Timing optimization ;
; riscv:CPU|MW_WBdata[6]_OTERM283_OTERM467_OTERM1003                                                     ; Retimed Register ; Timing optimization ;
; riscv:CPU|MW_WBdata[6]_OTERM283_OTERM467_OTERM1005                                                     ; Retimed Register ; Timing optimization ;
; riscv:CPU|MW_WBdata[6]_OTERM283_OTERM467_OTERM1007                                                     ; Retimed Register ; Timing optimization ;
; riscv:CPU|MW_WBdata[6]_OTERM285                                                                        ; Retimed Register ; Timing optimization ;
; riscv:CPU|MW_WBdata[7]                                                                                 ; Deleted          ; Timing optimization ;
; riscv:CPU|MW_WBdata[7]_OTERM153                                                                        ; Retimed Register ; Timing optimization ;
; riscv:CPU|MW_WBdata[7]_OTERM311_OTERM513_OTERM973                                                      ; Retimed Register ; Timing optimization ;
; riscv:CPU|MW_WBdata[7]_OTERM313                                                                        ; Retimed Register ; Timing optimization ;
; riscv:CPU|MW_WBdata[8]                                                                                 ; Deleted          ; Timing optimization ;
; riscv:CPU|MW_WBdata[8]_OTERM151                                                                        ; Retimed Register ; Timing optimization ;
; riscv:CPU|MW_WBdata[8]_OTERM315_OTERM511_OTERM905                                                      ; Retimed Register ; Timing optimization ;
; riscv:CPU|MW_WBdata[8]_OTERM315_OTERM511_OTERM907_OTERM1147                                            ; Retimed Register ; Timing optimization ;
; riscv:CPU|MW_WBdata[8]_OTERM315_OTERM511_OTERM907_OTERM1149                                            ; Retimed Register ; Timing optimization ;
; riscv:CPU|MW_WBdata[8]_OTERM317                                                                        ; Retimed Register ; Timing optimization ;
; riscv:CPU|MW_WBdata[9]                                                                                 ; Deleted          ; Timing optimization ;
; riscv:CPU|MW_WBdata[9]_OTERM149                                                                        ; Retimed Register ; Timing optimization ;
; riscv:CPU|MW_WBdata[9]_OTERM291_OTERM479                                                               ; Retimed Register ; Timing optimization ;
; riscv:CPU|MW_WBdata[9]_OTERM291_OTERM481_OTERM1213                                                     ; Retimed Register ; Timing optimization ;
; riscv:CPU|MW_WBdata[9]_OTERM291_OTERM483_OTERM857                                                      ; Retimed Register ; Timing optimization ;
; riscv:CPU|MW_WBdata[9]_OTERM291_OTERM483_OTERM859                                                      ; Retimed Register ; Timing optimization ;
; riscv:CPU|MW_WBdata[9]_OTERM291_OTERM483_OTERM861_OTERM1125                                            ; Retimed Register ; Timing optimization ;
; riscv:CPU|MW_WBdata[9]_OTERM291_OTERM483_OTERM861_OTERM1127                                            ; Retimed Register ; Timing optimization ;
; riscv:CPU|MW_WBdata[9]_OTERM291_OTERM483_OTERM861_OTERM1129                                            ; Retimed Register ; Timing optimization ;
; riscv:CPU|MW_WBdata[9]_OTERM291_OTERM483_OTERM861_OTERM1131                                            ; Retimed Register ; Timing optimization ;
; riscv:CPU|MW_WBdata[9]_OTERM293                                                                        ; Retimed Register ; Timing optimization ;
; riscv:CPU|MW_WBdata[10]                                                                                ; Deleted          ; Timing optimization ;
; riscv:CPU|MW_WBdata[10]_OTERM147                                                                       ; Retimed Register ; Timing optimization ;
; riscv:CPU|MW_WBdata[10]_OTERM319_OTERM509_OTERM953                                                     ; Retimed Register ; Timing optimization ;
; riscv:CPU|MW_WBdata[10]_OTERM321                                                                       ; Retimed Register ; Timing optimization ;
; riscv:CPU|MW_WBdata[11]                                                                                ; Deleted          ; Timing optimization ;
; riscv:CPU|MW_WBdata[11]_OTERM145                                                                       ; Retimed Register ; Timing optimization ;
; riscv:CPU|MW_WBdata[11]_OTERM323_OTERM507                                                              ; Retimed Register ; Timing optimization ;
; riscv:CPU|MW_WBdata[11]_OTERM325                                                                       ; Retimed Register ; Timing optimization ;
; riscv:CPU|MW_WBdata[12]                                                                                ; Deleted          ; Timing optimization ;
; riscv:CPU|MW_WBdata[12]_OTERM143                                                                       ; Retimed Register ; Timing optimization ;
; riscv:CPU|MW_WBdata[12]_OTERM327_OTERM505_OTERM1039                                                    ; Retimed Register ; Timing optimization ;
; riscv:CPU|MW_WBdata[12]_OTERM327_OTERM505_OTERM1041                                                    ; Retimed Register ; Timing optimization ;
; riscv:CPU|MW_WBdata[12]_OTERM329                                                                       ; Retimed Register ; Timing optimization ;
; riscv:CPU|MW_WBdata[13]                                                                                ; Deleted          ; Timing optimization ;
; riscv:CPU|MW_WBdata[13]_OTERM141                                                                       ; Retimed Register ; Timing optimization ;
; riscv:CPU|MW_WBdata[13]_OTERM331_OTERM503_OTERM1043                                                    ; Retimed Register ; Timing optimization ;
; riscv:CPU|MW_WBdata[13]_OTERM333                                                                       ; Retimed Register ; Timing optimization ;
; riscv:CPU|MW_WBdata[14]                                                                                ; Deleted          ; Timing optimization ;
; riscv:CPU|MW_WBdata[14]_OTERM139                                                                       ; Retimed Register ; Timing optimization ;
; riscv:CPU|MW_WBdata[14]_OTERM335_OTERM501_OTERM927                                                     ; Retimed Register ; Timing optimization ;
; riscv:CPU|MW_WBdata[14]_OTERM337                                                                       ; Retimed Register ; Timing optimization ;
; riscv:CPU|MW_WBdata[15]                                                                                ; Deleted          ; Timing optimization ;
; riscv:CPU|MW_WBdata[15]_OTERM137                                                                       ; Retimed Register ; Timing optimization ;
; riscv:CPU|MW_WBdata[15]_OTERM339_OTERM499_OTERM929                                                     ; Retimed Register ; Timing optimization ;
; riscv:CPU|MW_WBdata[15]_OTERM339_OTERM499_OTERM931                                                     ; Retimed Register ; Timing optimization ;
; riscv:CPU|MW_WBdata[15]_OTERM341                                                                       ; Retimed Register ; Timing optimization ;
; riscv:CPU|MW_WBdata[16]                                                                                ; Deleted          ; Timing optimization ;
; riscv:CPU|MW_WBdata[16]_OTERM111                                                                       ; Retimed Register ; Timing optimization ;
; riscv:CPU|MW_WBdata[16]_OTERM239_OTERM447                                                              ; Retimed Register ; Timing optimization ;
; riscv:CPU|MW_WBdata[16]_OTERM241                                                                       ; Retimed Register ; Timing optimization ;
; riscv:CPU|MW_WBdata[17]                                                                                ; Deleted          ; Timing optimization ;
; riscv:CPU|MW_WBdata[17]_OTERM113                                                                       ; Retimed Register ; Timing optimization ;
; riscv:CPU|MW_WBdata[17]_OTERM243_OTERM445                                                              ; Retimed Register ; Timing optimization ;
; riscv:CPU|MW_WBdata[17]_OTERM245                                                                       ; Retimed Register ; Timing optimization ;
; riscv:CPU|MW_WBdata[18]                                                                                ; Deleted          ; Timing optimization ;
; riscv:CPU|MW_WBdata[18]_OTERM115                                                                       ; Retimed Register ; Timing optimization ;
; riscv:CPU|MW_WBdata[18]_OTERM247_OTERM443                                                              ; Retimed Register ; Timing optimization ;
; riscv:CPU|MW_WBdata[18]_OTERM249                                                                       ; Retimed Register ; Timing optimization ;
; riscv:CPU|MW_WBdata[19]                                                                                ; Deleted          ; Timing optimization ;
; riscv:CPU|MW_WBdata[19]_OTERM117                                                                       ; Retimed Register ; Timing optimization ;
; riscv:CPU|MW_WBdata[19]_OTERM251_OTERM441                                                              ; Retimed Register ; Timing optimization ;
; riscv:CPU|MW_WBdata[19]_OTERM253                                                                       ; Retimed Register ; Timing optimization ;
; riscv:CPU|MW_WBdata[20]                                                                                ; Deleted          ; Timing optimization ;
; riscv:CPU|MW_WBdata[20]_OTERM119                                                                       ; Retimed Register ; Timing optimization ;
; riscv:CPU|MW_WBdata[20]_OTERM255_OTERM439                                                              ; Retimed Register ; Timing optimization ;
; riscv:CPU|MW_WBdata[20]_OTERM257                                                                       ; Retimed Register ; Timing optimization ;
; riscv:CPU|MW_WBdata[21]                                                                                ; Deleted          ; Timing optimization ;
; riscv:CPU|MW_WBdata[21]_OTERM121                                                                       ; Retimed Register ; Timing optimization ;
; riscv:CPU|MW_WBdata[21]_OTERM259_OTERM437                                                              ; Retimed Register ; Timing optimization ;
; riscv:CPU|MW_WBdata[21]_OTERM261                                                                       ; Retimed Register ; Timing optimization ;
; riscv:CPU|MW_WBdata[22]                                                                                ; Deleted          ; Timing optimization ;
; riscv:CPU|MW_WBdata[22]_OTERM123                                                                       ; Retimed Register ; Timing optimization ;
; riscv:CPU|MW_WBdata[22]_OTERM263_OTERM435                                                              ; Retimed Register ; Timing optimization ;
; riscv:CPU|MW_WBdata[22]_OTERM265                                                                       ; Retimed Register ; Timing optimization ;
; riscv:CPU|MW_WBdata[23]                                                                                ; Deleted          ; Timing optimization ;
; riscv:CPU|MW_WBdata[23]_OTERM125                                                                       ; Retimed Register ; Timing optimization ;
; riscv:CPU|MW_WBdata[23]_OTERM267_OTERM433                                                              ; Retimed Register ; Timing optimization ;
; riscv:CPU|MW_WBdata[23]_OTERM269                                                                       ; Retimed Register ; Timing optimization ;
; riscv:CPU|MW_WBdata[24]                                                                                ; Deleted          ; Timing optimization ;
; riscv:CPU|MW_WBdata[24]_OTERM135                                                                       ; Retimed Register ; Timing optimization ;
; riscv:CPU|MW_WBdata[24]_OTERM307_OTERM493                                                              ; Retimed Register ; Timing optimization ;
; riscv:CPU|MW_WBdata[24]_OTERM309                                                                       ; Retimed Register ; Timing optimization ;
; riscv:CPU|MW_WBdata[25]                                                                                ; Deleted          ; Timing optimization ;
; riscv:CPU|MW_WBdata[25]_OTERM127                                                                       ; Retimed Register ; Timing optimization ;
; riscv:CPU|MW_WBdata[25]_OTERM271_OTERM431                                                              ; Retimed Register ; Timing optimization ;
; riscv:CPU|MW_WBdata[25]_OTERM273                                                                       ; Retimed Register ; Timing optimization ;
; riscv:CPU|MW_WBdata[26]                                                                                ; Deleted          ; Timing optimization ;
; riscv:CPU|MW_WBdata[26]_OTERM129                                                                       ; Retimed Register ; Timing optimization ;
; riscv:CPU|MW_WBdata[26]_OTERM275_OTERM425                                                              ; Retimed Register ; Timing optimization ;
; riscv:CPU|MW_WBdata[26]_OTERM275_OTERM429                                                              ; Retimed Register ; Timing optimization ;
; riscv:CPU|MW_WBdata[26]_OTERM277                                                                       ; Retimed Register ; Timing optimization ;
; riscv:CPU|MW_WBdata[27]                                                                                ; Deleted          ; Timing optimization ;
; riscv:CPU|MW_WBdata[27]_OTERM109                                                                       ; Retimed Register ; Timing optimization ;
; riscv:CPU|MW_WBdata[27]_OTERM235_OTERM449                                                              ; Retimed Register ; Timing optimization ;
; riscv:CPU|MW_WBdata[27]_OTERM237                                                                       ; Retimed Register ; Timing optimization ;
; riscv:CPU|MW_WBdata[28]                                                                                ; Deleted          ; Timing optimization ;
; riscv:CPU|MW_WBdata[28]_OTERM133                                                                       ; Retimed Register ; Timing optimization ;
; riscv:CPU|MW_WBdata[28]_OTERM299_OTERM497                                                              ; Retimed Register ; Timing optimization ;
; riscv:CPU|MW_WBdata[28]_OTERM301                                                                       ; Retimed Register ; Timing optimization ;
; riscv:CPU|MW_WBdata[28]~40                                                                             ; Modified         ; Timing optimization ;
; riscv:CPU|MW_WBdata[28]~40_RESYN1446_BDD1447                                                           ; Created          ; Timing optimization ;
; riscv:CPU|MW_WBdata[28]~40_RESYN1448_BDD1449                                                           ; Created          ; Timing optimization ;
; riscv:CPU|MW_WBdata[29]                                                                                ; Deleted          ; Timing optimization ;
; riscv:CPU|MW_WBdata[29]_OTERM107                                                                       ; Retimed Register ; Timing optimization ;
; riscv:CPU|MW_WBdata[29]_OTERM231_OTERM451                                                              ; Retimed Register ; Timing optimization ;
; riscv:CPU|MW_WBdata[29]_OTERM233                                                                       ; Retimed Register ; Timing optimization ;
; riscv:CPU|MW_WBdata[30]                                                                                ; Deleted          ; Timing optimization ;
; riscv:CPU|MW_WBdata[30]_OTERM105                                                                       ; Retimed Register ; Timing optimization ;
; riscv:CPU|MW_WBdata[30]_OTERM227_OTERM453                                                              ; Retimed Register ; Timing optimization ;
; riscv:CPU|MW_WBdata[30]_OTERM229                                                                       ; Retimed Register ; Timing optimization ;
; riscv:CPU|MW_WBdata[31]                                                                                ; Deleted          ; Timing optimization ;
; riscv:CPU|MW_WBdata[31]_OTERM131                                                                       ; Retimed Register ; Timing optimization ;
; riscv:CPU|MW_WBdata[31]_OTERM303_OTERM495                                                              ; Retimed Register ; Timing optimization ;
; riscv:CPU|MW_WBdata[31]_OTERM305                                                                       ; Retimed Register ; Timing optimization ;
; riscv:CPU|MW_WBdata[31]~39                                                                             ; Modified         ; Timing optimization ;
; riscv:CPU|MW_WBdata[31]~39_RESYN1440_BDD1441                                                           ; Created          ; Timing optimization ;
; riscv:CPU|MW_WBdata[31]~39_RESYN1442_BDD1443                                                           ; Created          ; Timing optimization ;
; riscv:CPU|alu:i_alu|Equal0~4                                                                           ; Deleted          ; Timing optimization ;
; riscv:CPU|alu:i_alu|Equal0~20                                                                          ; Deleted          ; Timing optimization ;
; riscv:CPU|alu:i_alu|ShiftLeft1~100                                                                     ; Modified         ; Timing optimization ;
; riscv:CPU|alu:i_alu|ShiftLeft1~100_RESYN1298_BDD1299                                                   ; Created          ; Timing optimization ;
; riscv:CPU|alu:i_alu|ShiftRight1~98                                                                     ; Deleted          ; Timing optimization ;
; riscv:CPU|alu:i_alu|ShiftRight1~110                                                                    ; Deleted          ; Timing optimization ;
; riscv:CPU|alu:i_alu|ShiftRight1~113                                                                    ; Deleted          ; Timing optimization ;
; riscv:CPU|alu:i_alu|ShiftRight1~114                                                                    ; Deleted          ; Timing optimization ;
; riscv:CPU|alu:i_alu|ShiftRight1~115                                                                    ; Deleted          ; Timing optimization ;
; riscv:CPU|alu:i_alu|ShiftRight1~117                                                                    ; Deleted          ; Timing optimization ;
; riscv:CPU|alu:i_alu|ShiftRight1~118                                                                    ; Deleted          ; Timing optimization ;
; riscv:CPU|alu:i_alu|ShiftRight3~109                                                                    ; Deleted          ; Timing optimization ;
; riscv:CPU|alu:i_alu|ShiftRight3~114                                                                    ; Deleted          ; Timing optimization ;
; riscv:CPU|alu:i_alu|aluOut_v[0]~89                                                                     ; Deleted          ; Timing optimization ;
; riscv:CPU|alu:i_alu|aluOut_v[0]~90                                                                     ; Deleted          ; Timing optimization ;
; riscv:CPU|alu:i_alu|aluOut_v[0]~91                                                                     ; Modified         ; Timing optimization ;
; riscv:CPU|alu:i_alu|aluOut_v[0]~91_RESYN1284_BDD1285                                                   ; Created          ; Timing optimization ;
; riscv:CPU|alu:i_alu|aluOut_v[0]~91_RESYN1286_BDD1287                                                   ; Created          ; Timing optimization ;
; riscv:CPU|alu:i_alu|aluOut_v[0]~91_RESYN1288_BDD1289                                                   ; Created          ; Timing optimization ;
; riscv:CPU|alu:i_alu|aluOut_v[0]~422                                                                    ; Modified         ; Timing optimization ;
; riscv:CPU|alu:i_alu|aluOut_v[1]~349                                                                    ; Modified         ; Timing optimization ;
; riscv:CPU|alu:i_alu|aluOut_v[1]~349_RESYN1318_BDD1319                                                  ; Created          ; Timing optimization ;
; riscv:CPU|alu:i_alu|aluOut_v[1]~352                                                                    ; Deleted          ; Timing optimization ;
; riscv:CPU|alu:i_alu|aluOut_v[1]~356                                                                    ; Deleted          ; Timing optimization ;
; riscv:CPU|alu:i_alu|aluOut_v[4]~319                                                                    ; Deleted          ; Timing optimization ;
; riscv:CPU|alu:i_alu|aluOut_v[4]~322                                                                    ; Deleted          ; Timing optimization ;
; riscv:CPU|alu:i_alu|aluOut_v[4]~323                                                                    ; Deleted          ; Timing optimization ;
; riscv:CPU|alu:i_alu|aluOut_v[4]~326                                                                    ; Deleted          ; Timing optimization ;
; riscv:CPU|alu:i_alu|aluOut_v[5]~307                                                                    ; Modified         ; Timing optimization ;
; riscv:CPU|alu:i_alu|aluOut_v[5]~307_RESYN1392_BDD1393                                                  ; Created          ; Timing optimization ;
; riscv:CPU|alu:i_alu|aluOut_v[5]~307_RESYN1394_BDD1395                                                  ; Created          ; Timing optimization ;
; riscv:CPU|alu:i_alu|aluOut_v[5]~307_RESYN1396_BDD1397                                                  ; Created          ; Timing optimization ;
; riscv:CPU|alu:i_alu|aluOut_v[5]~307_RESYN1398_BDD1399                                                  ; Created          ; Timing optimization ;
; riscv:CPU|alu:i_alu|aluOut_v[5]~307_RESYN1400_BDD1401                                                  ; Created          ; Timing optimization ;
; riscv:CPU|alu:i_alu|aluOut_v[5]~307_RESYN1402_BDD1403                                                  ; Created          ; Timing optimization ;
; riscv:CPU|alu:i_alu|aluOut_v[5]~308                                                                    ; Deleted          ; Timing optimization ;
; riscv:CPU|alu:i_alu|aluOut_v[5]~311                                                                    ; Deleted          ; Timing optimization ;
; riscv:CPU|alu:i_alu|aluOut_v[5]~314                                                                    ; Deleted          ; Timing optimization ;
; riscv:CPU|alu:i_alu|aluOut_v[5]~317                                                                    ; Modified         ; Timing optimization ;
; riscv:CPU|alu:i_alu|aluOut_v[5]~317_RESYN1310_BDD1311                                                  ; Created          ; Timing optimization ;
; riscv:CPU|alu:i_alu|aluOut_v[5]~317_RESYN1312_BDD1313                                                  ; Created          ; Timing optimization ;
; riscv:CPU|alu:i_alu|aluOut_v[5]~317_RESYN1314_BDD1315                                                  ; Created          ; Timing optimization ;
; riscv:CPU|alu:i_alu|aluOut_v[5]~317_RESYN1316_BDD1317                                                  ; Created          ; Timing optimization ;
; riscv:CPU|alu:i_alu|aluOut_v[6]~299                                                                    ; Modified         ; Timing optimization ;
; riscv:CPU|alu:i_alu|aluOut_v[6]~299_RESYN1380_BDD1381                                                  ; Created          ; Timing optimization ;
; riscv:CPU|alu:i_alu|aluOut_v[6]~299_RESYN1382_BDD1383                                                  ; Created          ; Timing optimization ;
; riscv:CPU|alu:i_alu|aluOut_v[6]~299_RESYN1384_BDD1385                                                  ; Created          ; Timing optimization ;
; riscv:CPU|alu:i_alu|aluOut_v[6]~299_RESYN1386_BDD1387                                                  ; Created          ; Timing optimization ;
; riscv:CPU|alu:i_alu|aluOut_v[6]~299_RESYN1388_BDD1389                                                  ; Created          ; Timing optimization ;
; riscv:CPU|alu:i_alu|aluOut_v[6]~299_RESYN1390_BDD1391                                                  ; Created          ; Timing optimization ;
; riscv:CPU|alu:i_alu|aluOut_v[9]~274                                                                    ; Deleted          ; Timing optimization ;
; riscv:CPU|alu:i_alu|aluOut_v[9]~275                                                                    ; Modified         ; Timing optimization ;
; riscv:CPU|alu:i_alu|aluOut_v[9]~275_RESYN1376_BDD1377                                                  ; Created          ; Timing optimization ;
; riscv:CPU|alu:i_alu|aluOut_v[9]~275_RESYN1378_BDD1379                                                  ; Created          ; Timing optimization ;
; riscv:CPU|alu:i_alu|aluOut_v[10]~259                                                                   ; Deleted          ; Timing optimization ;
; riscv:CPU|alu:i_alu|aluOut_v[10]~260                                                                   ; Deleted          ; Timing optimization ;
; riscv:CPU|alu:i_alu|aluOut_v[10]~262                                                                   ; Deleted          ; Timing optimization ;
; riscv:CPU|alu:i_alu|aluOut_v[10]~267                                                                   ; Modified         ; Timing optimization ;
; riscv:CPU|alu:i_alu|aluOut_v[10]~267_RESYN1300_BDD1301                                                 ; Created          ; Timing optimization ;
; riscv:CPU|alu:i_alu|aluOut_v[10]~267_RESYN1302_BDD1303                                                 ; Created          ; Timing optimization ;
; riscv:CPU|alu:i_alu|aluOut_v[10]~267_RESYN1304_BDD1305                                                 ; Created          ; Timing optimization ;
; riscv:CPU|alu:i_alu|aluOut_v[10]~267_RESYN1306_BDD1307                                                 ; Created          ; Timing optimization ;
; riscv:CPU|alu:i_alu|aluOut_v[10]~267_RESYN1308_BDD1309                                                 ; Created          ; Timing optimization ;
; riscv:CPU|alu:i_alu|aluOut_v[17]~192                                                                   ; Deleted          ; Timing optimization ;
; riscv:CPU|alu:i_alu|aluOut_v[17]~193                                                                   ; Deleted          ; Timing optimization ;
; riscv:CPU|alu:i_alu|aluOut_v[17]~194                                                                   ; Modified         ; Timing optimization ;
; riscv:CPU|alu:i_alu|aluOut_v[17]~194_RESYN1370_BDD1371                                                 ; Created          ; Timing optimization ;
; riscv:CPU|alu:i_alu|aluOut_v[17]~194_RESYN1372_BDD1373                                                 ; Created          ; Timing optimization ;
; riscv:CPU|alu:i_alu|aluOut_v[17]~194_RESYN1374_BDD1375                                                 ; Created          ; Timing optimization ;
; riscv:CPU|alu:i_alu|aluOut_v[26]~105                                                                   ; Deleted          ; Timing optimization ;
; riscv:CPU|alu:i_alu|aluOut_v[26]~109                                                                   ; Deleted          ; Timing optimization ;
; riscv:CPU|alu:i_alu|aluOut_v[26]~112                                                                   ; Deleted          ; Timing optimization ;
; riscv:CPU|alu:i_alu|aluOut_v[26]~113                                                                   ; Modified         ; Timing optimization ;
; riscv:CPU|alu:i_alu|aluOut_v[26]~113_RESYN1290_BDD1291                                                 ; Created          ; Timing optimization ;
; riscv:CPU|alu:i_alu|aluOut_v[26]~113_RESYN1292_BDD1293                                                 ; Created          ; Timing optimization ;
; riscv:CPU|alu:i_alu|aluOut_v[26]~113_RESYN1294_BDD1295                                                 ; Created          ; Timing optimization ;
; riscv:CPU|alu:i_alu|aluOut_v[26]~113_RESYN1296_BDD1297                                                 ; Created          ; Timing optimization ;
; riscv:CPU|alu:i_alu|aluOut_v[27]~360                                                                   ; Deleted          ; Timing optimization ;
; riscv:CPU|alu:i_alu|aluOut_v[27]~362                                                                   ; Deleted          ; Timing optimization ;
; riscv:CPU|alu:i_alu|aluOut_v[27]~365                                                                   ; Deleted          ; Timing optimization ;
; riscv:CPU|alu:i_alu|aluOut_v[27]~366                                                                   ; Deleted          ; Timing optimization ;
; riscv:CPU|alu:i_alu|aluOut_v[27]~368                                                                   ; Deleted          ; Timing optimization ;
; riscv:CPU|alu:i_alu|aluOut_v[27]~369                                                                   ; Modified         ; Timing optimization ;
; riscv:CPU|alu:i_alu|aluOut_v[27]~369_RESYN1250_BDD1251                                                 ; Created          ; Timing optimization ;
; riscv:CPU|alu:i_alu|aluOut_v[27]~369_RESYN1330_BDD1331                                                 ; Created          ; Timing optimization ;
; riscv:CPU|alu:i_alu|aluOut_v[27]~369_RESYN1332_BDD1333                                                 ; Created          ; Timing optimization ;
; riscv:CPU|alu:i_alu|aluOut_v[27]~369_RESYN1334_BDD1335                                                 ; Created          ; Timing optimization ;
; riscv:CPU|alu:i_alu|aluOut_v[27]~369_RESYN1336_BDD1337                                                 ; Created          ; Timing optimization ;
; riscv:CPU|alu:i_alu|aluOut_v[28]~394                                                                   ; Deleted          ; Timing optimization ;
; riscv:CPU|alu:i_alu|aluOut_v[28]~396                                                                   ; Deleted          ; Timing optimization ;
; riscv:CPU|alu:i_alu|aluOut_v[28]~399                                                                   ; Deleted          ; Timing optimization ;
; riscv:CPU|alu:i_alu|aluOut_v[28]~402                                                                   ; Deleted          ; Timing optimization ;
; riscv:CPU|alu:i_alu|aluOut_v[28]~403                                                                   ; Modified         ; Timing optimization ;
; riscv:CPU|alu:i_alu|aluOut_v[28]~403_RESYN1260_BDD1261                                                 ; Created          ; Timing optimization ;
; riscv:CPU|alu:i_alu|aluOut_v[28]~403_RESYN1262_BDD1263                                                 ; Created          ; Timing optimization ;
; riscv:CPU|alu:i_alu|aluOut_v[28]~403_RESYN1264_BDD1265                                                 ; Created          ; Timing optimization ;
; riscv:CPU|alu:i_alu|aluOut_v[28]~403_RESYN1266_BDD1267                                                 ; Created          ; Timing optimization ;
; riscv:CPU|alu:i_alu|aluOut_v[30]~390                                                                   ; Deleted          ; Timing optimization ;
; riscv:CPU|alu:i_alu|aluOut_v[31]~371                                                                   ; Deleted          ; Timing optimization ;
; riscv:CPU|alu:i_alu|aluOut_v[31]~372                                                                   ; Deleted          ; Timing optimization ;
; riscv:CPU|fetch:pc_fetch|pc_addr[2]_OTERM87                                                            ; Retimed Register ; Timing optimization ;
; riscv:CPU|fetch:pc_fetch|pc_addr[2]~31                                                                 ; Modified         ; Timing optimization ;
; riscv:CPU|fetch:pc_fetch|pc_addr[3]_OTERM85                                                            ; Retimed Register ; Timing optimization ;
; riscv:CPU|fetch:pc_fetch|pc_addr[4]_OTERM83                                                            ; Retimed Register ; Timing optimization ;
; riscv:CPU|fetch:pc_fetch|pc_addr[5]_OTERM81                                                            ; Retimed Register ; Timing optimization ;
; riscv:CPU|fetch:pc_fetch|pc_addr[6]_OTERM79                                                            ; Retimed Register ; Timing optimization ;
; riscv:CPU|fetch:pc_fetch|pc_addr[7]_OTERM77                                                            ; Retimed Register ; Timing optimization ;
; riscv:CPU|fetch:pc_fetch|pc_addr[8]_OTERM75                                                            ; Retimed Register ; Timing optimization ;
; riscv:CPU|fetch:pc_fetch|pc_addr[9]_OTERM73                                                            ; Retimed Register ; Timing optimization ;
; riscv:CPU|fetch:pc_fetch|pc_addr[10]_OTERM71                                                           ; Retimed Register ; Timing optimization ;
; riscv:CPU|fetch:pc_fetch|pc_addr[11]_OTERM69                                                           ; Retimed Register ; Timing optimization ;
; riscv:CPU|fetch:pc_fetch|pc_addr[12]_OTERM67                                                           ; Retimed Register ; Timing optimization ;
; riscv:CPU|fetch:pc_fetch|pc_addr[13]_OTERM65                                                           ; Retimed Register ; Timing optimization ;
; riscv:CPU|fetch:pc_fetch|pc_addr[14]_OTERM63                                                           ; Retimed Register ; Timing optimization ;
; riscv:CPU|fetch:pc_fetch|pc_addr[15]_OTERM39                                                           ; Retimed Register ; Timing optimization ;
; riscv:CPU|fetch:pc_fetch|pc_addr[16]_OTERM41                                                           ; Retimed Register ; Timing optimization ;
; riscv:CPU|fetch:pc_fetch|pc_addr[17]_OTERM43                                                           ; Retimed Register ; Timing optimization ;
; riscv:CPU|fetch:pc_fetch|pc_addr[18]_OTERM45                                                           ; Retimed Register ; Timing optimization ;
; riscv:CPU|fetch:pc_fetch|pc_addr[19]_OTERM47                                                           ; Retimed Register ; Timing optimization ;
; riscv:CPU|fetch:pc_fetch|pc_addr[20]_OTERM49                                                           ; Retimed Register ; Timing optimization ;
; riscv:CPU|fetch:pc_fetch|pc_addr[21]_OTERM51                                                           ; Retimed Register ; Timing optimization ;
; riscv:CPU|fetch:pc_fetch|pc_addr[22]_OTERM53                                                           ; Retimed Register ; Timing optimization ;
; riscv:CPU|fetch:pc_fetch|pc_addr[23]_OTERM55                                                           ; Retimed Register ; Timing optimization ;
; riscv:CPU|fetch:pc_fetch|pc_addr[24]_OTERM57                                                           ; Retimed Register ; Timing optimization ;
; riscv:CPU|fetch:pc_fetch|pc_addr[25]_OTERM59                                                           ; Retimed Register ; Timing optimization ;
; riscv:CPU|fetch:pc_fetch|pc_addr[26]_OTERM61                                                           ; Retimed Register ; Timing optimization ;
; riscv:CPU|fetch:pc_fetch|pc_addr[27]_OTERM37                                                           ; Retimed Register ; Timing optimization ;
; riscv:CPU|fetch:pc_fetch|pc_addr[28]_OTERM29                                                           ; Retimed Register ; Timing optimization ;
; riscv:CPU|fetch:pc_fetch|pc_addr[29]_OTERM31                                                           ; Retimed Register ; Timing optimization ;
; riscv:CPU|fetch:pc_fetch|pc_addr[30]_OTERM33                                                           ; Retimed Register ; Timing optimization ;
; riscv:CPU|fetch:pc_fetch|pc_addr[31]_OTERM35                                                           ; Retimed Register ; Timing optimization ;
; riscv:CPU|mem_load:mem_ld|data_value[14]~22                                                            ; Modified         ; Timing optimization ;
; riscv:CPU|mem_load:mem_ld|data_value[14]~22_RESYN1368_BDD1369                                          ; Created          ; Timing optimization ;
; riscv:CPU|mem_store:mem_str|data_mask[1]~1                                                             ; Modified         ; Timing optimization ;
; riscv:CPU|mem_store:mem_str|data_mask~0                                                                ; Modified         ; Timing optimization ;
; timer_ctrl:time_ctrl|prog_cnt:count_prog|Add0~3                                                        ; Modified         ; Timing optimization ;
; timer_ctrl:time_ctrl|prog_cnt:count_prog|Add0~5                                                        ; Modified         ; Timing optimization ;
; timer_ctrl:time_ctrl|prog_cnt:count_prog|Add0~98                                                       ; Modified         ; Timing optimization ;
; timer_ctrl:time_ctrl|prog_cnt:count_prog|Add0~98_RESYN1338_BDD1339                                     ; Created          ; Timing optimization ;
; timer_ctrl:time_ctrl|prog_cnt:count_prog|count[0]                                                      ; Deleted          ; Timing optimization ;
; timer_ctrl:time_ctrl|prog_cnt:count_prog|count[0]_OTERM27_OTERM1069                                    ; Retimed Register ; Timing optimization ;
; timer_ctrl:time_ctrl|prog_cnt:count_prog|count[0]_OTERM27_OTERM1071                                    ; Retimed Register ; Timing optimization ;
; timer_ctrl:time_ctrl|prog_cnt:count_prog|count[1]                                                      ; Deleted          ; Timing optimization ;
; timer_ctrl:time_ctrl|prog_cnt:count_prog|count[1]_OTERM671                                             ; Retimed Register ; Timing optimization ;
; timer_ctrl:time_ctrl|prog_cnt:count_prog|count[1]_OTERM673                                             ; Retimed Register ; Timing optimization ;
; timer_ctrl:time_ctrl|prog_cnt:count_prog|count[2]                                                      ; Deleted          ; Timing optimization ;
; timer_ctrl:time_ctrl|prog_cnt:count_prog|count[2]_OTERM667                                             ; Retimed Register ; Timing optimization ;
; timer_ctrl:time_ctrl|prog_cnt:count_prog|count[2]_OTERM669                                             ; Retimed Register ; Timing optimization ;
; timer_ctrl:time_ctrl|prog_cnt:count_prog|count[3]                                                      ; Deleted          ; Timing optimization ;
; timer_ctrl:time_ctrl|prog_cnt:count_prog|count[3]_OTERM663                                             ; Retimed Register ; Timing optimization ;
; timer_ctrl:time_ctrl|prog_cnt:count_prog|count[3]_OTERM665                                             ; Retimed Register ; Timing optimization ;
; timer_ctrl:time_ctrl|prog_cnt:count_prog|count[4]                                                      ; Deleted          ; Timing optimization ;
; timer_ctrl:time_ctrl|prog_cnt:count_prog|count[4]_OTERM25_OTERM1065                                    ; Retimed Register ; Timing optimization ;
; timer_ctrl:time_ctrl|prog_cnt:count_prog|count[4]_OTERM25_OTERM1067                                    ; Retimed Register ; Timing optimization ;
; timer_ctrl:time_ctrl|prog_cnt:count_prog|count[5]                                                      ; Deleted          ; Timing optimization ;
; timer_ctrl:time_ctrl|prog_cnt:count_prog|count[5]_OTERM659                                             ; Retimed Register ; Timing optimization ;
; timer_ctrl:time_ctrl|prog_cnt:count_prog|count[5]_OTERM661                                             ; Retimed Register ; Timing optimization ;
; timer_ctrl:time_ctrl|prog_cnt:count_prog|count[6]                                                      ; Deleted          ; Timing optimization ;
; timer_ctrl:time_ctrl|prog_cnt:count_prog|count[6]_OTERM1045                                            ; Retimed Register ; Timing optimization ;
; timer_ctrl:time_ctrl|prog_cnt:count_prog|count[6]_OTERM1047                                            ; Retimed Register ; Timing optimization ;
; timer_ctrl:time_ctrl|prog_cnt:count_prog|count[7]                                                      ; Deleted          ; Timing optimization ;
; timer_ctrl:time_ctrl|prog_cnt:count_prog|count[7]_OTERM23_OTERM1057                                    ; Retimed Register ; Timing optimization ;
; timer_ctrl:time_ctrl|prog_cnt:count_prog|count[7]_OTERM23_OTERM1059                                    ; Retimed Register ; Timing optimization ;
; timer_ctrl:time_ctrl|prog_cnt:count_prog|count[8]                                                      ; Deleted          ; Timing optimization ;
; timer_ctrl:time_ctrl|prog_cnt:count_prog|count[8]_OTERM655                                             ; Retimed Register ; Timing optimization ;
; timer_ctrl:time_ctrl|prog_cnt:count_prog|count[8]_OTERM657                                             ; Retimed Register ; Timing optimization ;
; timer_ctrl:time_ctrl|prog_cnt:count_prog|count[9]                                                      ; Deleted          ; Timing optimization ;
; timer_ctrl:time_ctrl|prog_cnt:count_prog|count[9]_OTERM21_OTERM1053                                    ; Retimed Register ; Timing optimization ;
; timer_ctrl:time_ctrl|prog_cnt:count_prog|count[9]_OTERM21_OTERM1055                                    ; Retimed Register ; Timing optimization ;
; timer_ctrl:time_ctrl|prog_cnt:count_prog|count[10]                                                     ; Deleted          ; Timing optimization ;
; timer_ctrl:time_ctrl|prog_cnt:count_prog|count[10]_OTERM651                                            ; Retimed Register ; Timing optimization ;
; timer_ctrl:time_ctrl|prog_cnt:count_prog|count[10]_OTERM653                                            ; Retimed Register ; Timing optimization ;
; timer_ctrl:time_ctrl|prog_cnt:count_prog|count[11]                                                     ; Deleted          ; Timing optimization ;
; timer_ctrl:time_ctrl|prog_cnt:count_prog|count[11]_OTERM647                                            ; Retimed Register ; Timing optimization ;
; timer_ctrl:time_ctrl|prog_cnt:count_prog|count[11]_OTERM649                                            ; Retimed Register ; Timing optimization ;
; timer_ctrl:time_ctrl|prog_cnt:count_prog|count[12]                                                     ; Deleted          ; Timing optimization ;
; timer_ctrl:time_ctrl|prog_cnt:count_prog|count[12]_OTERM643                                            ; Retimed Register ; Timing optimization ;
; timer_ctrl:time_ctrl|prog_cnt:count_prog|count[12]_OTERM645                                            ; Retimed Register ; Timing optimization ;
; timer_ctrl:time_ctrl|prog_cnt:count_prog|count[13]                                                     ; Deleted          ; Timing optimization ;
; timer_ctrl:time_ctrl|prog_cnt:count_prog|count[13]_OTERM639                                            ; Retimed Register ; Timing optimization ;
; timer_ctrl:time_ctrl|prog_cnt:count_prog|count[13]_OTERM641                                            ; Retimed Register ; Timing optimization ;
; timer_ctrl:time_ctrl|prog_cnt:count_prog|count[14]                                                     ; Deleted          ; Timing optimization ;
; timer_ctrl:time_ctrl|prog_cnt:count_prog|count[14]_OTERM635                                            ; Retimed Register ; Timing optimization ;
; timer_ctrl:time_ctrl|prog_cnt:count_prog|count[14]_OTERM637                                            ; Retimed Register ; Timing optimization ;
; timer_ctrl:time_ctrl|prog_cnt:count_prog|count[15]                                                     ; Deleted          ; Timing optimization ;
; timer_ctrl:time_ctrl|prog_cnt:count_prog|count[15]_OTERM619                                            ; Retimed Register ; Timing optimization ;
; timer_ctrl:time_ctrl|prog_cnt:count_prog|count[15]_OTERM621_OTERM1215                                  ; Retimed Register ; Timing optimization ;
; timer_ctrl:time_ctrl|prog_cnt:count_prog|count[15]_OTERM621_OTERM1217                                  ; Retimed Register ; Timing optimization ;
; timer_ctrl:time_ctrl|prog_cnt:count_prog|count[16]                                                     ; Deleted          ; Timing optimization ;
; timer_ctrl:time_ctrl|prog_cnt:count_prog|count[16]_OTERM19_OTERM1049                                   ; Retimed Register ; Timing optimization ;
; timer_ctrl:time_ctrl|prog_cnt:count_prog|count[16]_OTERM19_OTERM1051                                   ; Retimed Register ; Timing optimization ;
; timer_ctrl:time_ctrl|prog_cnt:count_prog|count[17]                                                     ; Deleted          ; Timing optimization ;
; timer_ctrl:time_ctrl|prog_cnt:count_prog|count[17]_OTERM1023                                           ; Retimed Register ; Timing optimization ;
; timer_ctrl:time_ctrl|prog_cnt:count_prog|count[17]_OTERM1025                                           ; Retimed Register ; Timing optimization ;
; timer_ctrl:time_ctrl|prog_cnt:count_prog|count[18]                                                     ; Deleted          ; Timing optimization ;
; timer_ctrl:time_ctrl|prog_cnt:count_prog|count[18]_OTERM631                                            ; Retimed Register ; Timing optimization ;
; timer_ctrl:time_ctrl|prog_cnt:count_prog|count[18]_OTERM633                                            ; Retimed Register ; Timing optimization ;
; timer_ctrl:time_ctrl|prog_cnt:count_prog|count[19]                                                     ; Deleted          ; Timing optimization ;
; timer_ctrl:time_ctrl|prog_cnt:count_prog|count[19]_OTERM627                                            ; Retimed Register ; Timing optimization ;
; timer_ctrl:time_ctrl|prog_cnt:count_prog|count[19]_OTERM629                                            ; Retimed Register ; Timing optimization ;
; timer_ctrl:time_ctrl|prog_cnt:count_prog|count[20]                                                     ; Deleted          ; Timing optimization ;
; timer_ctrl:time_ctrl|prog_cnt:count_prog|count[20]_OTERM623                                            ; Retimed Register ; Timing optimization ;
; timer_ctrl:time_ctrl|prog_cnt:count_prog|count[20]_OTERM625                                            ; Retimed Register ; Timing optimization ;
; timer_ctrl:time_ctrl|prog_cnt:count_prog|count[21]                                                     ; Deleted          ; Timing optimization ;
; timer_ctrl:time_ctrl|prog_cnt:count_prog|count[21]_OTERM17_OTERM1035                                   ; Retimed Register ; Timing optimization ;
; timer_ctrl:time_ctrl|prog_cnt:count_prog|count[21]_OTERM17_OTERM1037                                   ; Retimed Register ; Timing optimization ;
; timer_ctrl:time_ctrl|prog_cnt:count_prog|count[22]                                                     ; Deleted          ; Timing optimization ;
; timer_ctrl:time_ctrl|prog_cnt:count_prog|count[22]_OTERM15_OTERM1031                                   ; Retimed Register ; Timing optimization ;
; timer_ctrl:time_ctrl|prog_cnt:count_prog|count[22]_OTERM15_OTERM1033                                   ; Retimed Register ; Timing optimization ;
; timer_ctrl:time_ctrl|prog_cnt:count_prog|count[23]                                                     ; Deleted          ; Timing optimization ;
; timer_ctrl:time_ctrl|prog_cnt:count_prog|count[23]_OTERM13_OTERM1027                                   ; Retimed Register ; Timing optimization ;
; timer_ctrl:time_ctrl|prog_cnt:count_prog|count[23]_OTERM13_OTERM1029                                   ; Retimed Register ; Timing optimization ;
; timer_ctrl:time_ctrl|prog_cnt:count_prog|count[24]                                                     ; Deleted          ; Timing optimization ;
; timer_ctrl:time_ctrl|prog_cnt:count_prog|count[24]_OTERM1009                                           ; Retimed Register ; Timing optimization ;
; timer_ctrl:time_ctrl|prog_cnt:count_prog|count[24]_OTERM1011                                           ; Retimed Register ; Timing optimization ;
; timer_ctrl:time_ctrl|prog_cnt:count_prog|count[25]                                                     ; Deleted          ; Timing optimization ;
; timer_ctrl:time_ctrl|prog_cnt:count_prog|count[25]_OTERM615                                            ; Retimed Register ; Timing optimization ;
; timer_ctrl:time_ctrl|prog_cnt:count_prog|count[25]_OTERM617                                            ; Retimed Register ; Timing optimization ;
; timer_ctrl:time_ctrl|prog_cnt:count_prog|count[26]                                                     ; Deleted          ; Timing optimization ;
; timer_ctrl:time_ctrl|prog_cnt:count_prog|count[26]_OTERM611                                            ; Retimed Register ; Timing optimization ;
; timer_ctrl:time_ctrl|prog_cnt:count_prog|count[26]_OTERM613                                            ; Retimed Register ; Timing optimization ;
; timer_ctrl:time_ctrl|prog_cnt:count_prog|count[27]                                                     ; Deleted          ; Timing optimization ;
; timer_ctrl:time_ctrl|prog_cnt:count_prog|count[27]_OTERM607                                            ; Retimed Register ; Timing optimization ;
; timer_ctrl:time_ctrl|prog_cnt:count_prog|count[27]_OTERM609                                            ; Retimed Register ; Timing optimization ;
; timer_ctrl:time_ctrl|prog_cnt:count_prog|count[28]                                                     ; Deleted          ; Timing optimization ;
; timer_ctrl:time_ctrl|prog_cnt:count_prog|count[28]_OTERM603                                            ; Retimed Register ; Timing optimization ;
; timer_ctrl:time_ctrl|prog_cnt:count_prog|count[28]_OTERM605                                            ; Retimed Register ; Timing optimization ;
; timer_ctrl:time_ctrl|prog_cnt:count_prog|count[29]                                                     ; Deleted          ; Timing optimization ;
; timer_ctrl:time_ctrl|prog_cnt:count_prog|count[29]_OTERM9                                              ; Retimed Register ; Timing optimization ;
; timer_ctrl:time_ctrl|prog_cnt:count_prog|count[29]_OTERM11_OTERM1019                                   ; Retimed Register ; Timing optimization ;
; timer_ctrl:time_ctrl|prog_cnt:count_prog|count[29]_OTERM11_OTERM1021                                   ; Retimed Register ; Timing optimization ;
; timer_ctrl:time_ctrl|prog_cnt:count_prog|count[30]                                                     ; Deleted          ; Timing optimization ;
; timer_ctrl:time_ctrl|prog_cnt:count_prog|count[30]_OTERM591                                            ; Retimed Register ; Timing optimization ;
; timer_ctrl:time_ctrl|prog_cnt:count_prog|count[30]_OTERM593                                            ; Retimed Register ; Timing optimization ;
; timer_ctrl:time_ctrl|prog_cnt:count_prog|count[30]_OTERM595                                            ; Retimed Register ; Timing optimization ;
; timer_ctrl:time_ctrl|prog_cnt:count_prog|count[31]                                                     ; Deleted          ; Timing optimization ;
; timer_ctrl:time_ctrl|prog_cnt:count_prog|count[31]_OTERM597                                            ; Retimed Register ; Timing optimization ;
; timer_ctrl:time_ctrl|prog_cnt:count_prog|count[31]_OTERM599                                            ; Retimed Register ; Timing optimization ;
; timer_ctrl:time_ctrl|prog_cnt:count_prog|count[31]_OTERM601                                            ; Retimed Register ; Timing optimization ;
; uart_recv:UART_r_custom|Add0~1                                                                         ; Modified         ; Timing optimization ;
; uart_recv:UART_r_custom|Add1~1                                                                         ; Modified         ; Timing optimization ;
; uart_recv:UART_r_custom|Add3~1                                                                         ; Modified         ; Timing optimization ;
; uart_recv:UART_r_custom|div_cnt~6                                                                      ; Modified         ; Timing optimization ;
; uart_recv:UART_r_custom|div_cnt~9                                                                      ; Modified         ; Timing optimization ;
; uart_send:UART_s_custom|Add0~1                                                                         ; Modified         ; Timing optimization ;
; uart_send:UART_s_custom|Add1~1                                                                         ; Modified         ; Timing optimization ;
; uart_send:UART_s_custom|Add3~1                                                                         ; Modified         ; Timing optimization ;
; uart_send:UART_s_custom|Equal0~1                                                                       ; Deleted          ; Timing optimization ;
; uart_send:UART_s_custom|bsy~0                                                                          ; Deleted          ; Timing optimization ;
; uart_send:UART_s_custom|bsy~1                                                                          ; Modified         ; Timing optimization ;
; uart_send:UART_s_custom|bsy~1_RESYN1242_BDD1243                                                        ; Created          ; Timing optimization ;
; uart_send:UART_s_custom|bsy~1_RESYN1244_BDD1245                                                        ; Created          ; Timing optimization ;
; uart_send:UART_s_custom|bsy~1_RESYN1246_BDD1247                                                        ; Created          ; Timing optimization ;
; uart_send:UART_s_custom|div_cnt[0]~0                                                                   ; Deleted          ; Timing optimization ;
; uart_send:UART_s_custom|div_cnt[0]~1                                                                   ; Modified         ; Timing optimization ;
; uart_send:UART_s_custom|div_cnt[1]_OTERM763                                                            ; Retimed Register ; Timing optimization ;
; uart_send:UART_s_custom|div_cnt[2]_OTERM761                                                            ; Retimed Register ; Timing optimization ;
; uart_send:UART_s_custom|div_cnt[3]_OTERM765                                                            ; Retimed Register ; Timing optimization ;
; uart_send:UART_s_custom|div_cnt[4]_OTERM767                                                            ; Retimed Register ; Timing optimization ;
; uart_send:UART_s_custom|div_cnt[5]_OTERM729                                                            ; Retimed Register ; Timing optimization ;
; uart_send:UART_s_custom|div_cnt[6]_OTERM731                                                            ; Retimed Register ; Timing optimization ;
; uart_send:UART_s_custom|div_cnt[7]_OTERM733                                                            ; Retimed Register ; Timing optimization ;
; uart_send:UART_s_custom|div_cnt[8]_OTERM735                                                            ; Retimed Register ; Timing optimization ;
; uart_send:UART_s_custom|div_cnt[9]_OTERM737                                                            ; Retimed Register ; Timing optimization ;
; uart_send:UART_s_custom|div_cnt[10]_OTERM739                                                           ; Retimed Register ; Timing optimization ;
; uart_send:UART_s_custom|div_cnt[11]_OTERM741                                                           ; Retimed Register ; Timing optimization ;
; uart_send:UART_s_custom|div_cnt[12]_OTERM743                                                           ; Retimed Register ; Timing optimization ;
; uart_send:UART_s_custom|div_cnt[13]_OTERM745                                                           ; Retimed Register ; Timing optimization ;
; uart_send:UART_s_custom|div_cnt~10                                                                     ; Modified         ; Timing optimization ;
; uart_send:UART_s_custom|shift_reg[0]_OTERM771                                                          ; Retimed Register ; Timing optimization ;
; uart_send:UART_s_custom|shift_reg[1]_OTERM769                                                          ; Retimed Register ; Timing optimization ;
; uart_send:UART_s_custom|shift_reg[2]_OTERM759                                                          ; Retimed Register ; Timing optimization ;
; uart_send:UART_s_custom|shift_reg[3]_OTERM757                                                          ; Retimed Register ; Timing optimization ;
; uart_send:UART_s_custom|shift_reg[4]_OTERM755                                                          ; Retimed Register ; Timing optimization ;
; uart_send:UART_s_custom|shift_reg[5]_OTERM753                                                          ; Retimed Register ; Timing optimization ;
; uart_send:UART_s_custom|shift_reg[6]_OTERM751                                                          ; Retimed Register ; Timing optimization ;
; uart_send:UART_s_custom|shift_reg[7]_OTERM749                                                          ; Retimed Register ; Timing optimization ;
; uart_send:UART_s_custom|shift_reg[8]_OTERM747                                                          ; Retimed Register ; Timing optimization ;
; uart_send:UART_s_custom|shift_reg~16                                                                   ; Deleted          ; Timing optimization ;
+--------------------------------------------------------------------------------------------------------+------------------+---------------------+


+-----------------------------------------------------------------------------------------------+
; Registers Packed Into Inferred Megafunctions                                                  ;
+------------------------------------------+---------------------------------------------+------+
; Register Name                            ; Megafunction                                ; Type ;
+------------------------------------------+---------------------------------------------+------+
; riscv:CPU|registers:regs|DATA_rs1[0..31] ; riscv:CPU|registers:regs|registerFile_rtl_0 ; RAM  ;
; riscv:CPU|registers:regs|DATA_rs2[0..31] ; riscv:CPU|registers:regs|registerFile_rtl_1 ; RAM  ;
; mem_rom:prog_rom|DATA_O[2..31]           ; mem_rom:prog_rom|memory_rtl_0               ; RAM  ;
; mem_ram:data_ram|line_r[0..3][0..7]      ; mem_ram:data_ram|memory_rtl_0               ; RAM  ;
+------------------------------------------+---------------------------------------------+------+


+------------------------------------------------------------------------------------------------------------------------------------------------------------------------------------+
; Multiplexer Restructuring Statistics (No Restructuring Performed)                                                                                                                  ;
+--------------------+-----------+---------------+----------------------+------------------------+------------+----------------------------------------------------------------------+
; Multiplexer Inputs ; Bus Width ; Baseline Area ; Area if Restructured ; Saving if Restructured ; Registered ; Example Multiplexer Output                                           ;
+--------------------+-----------+---------------+----------------------+------------------------+------------+----------------------------------------------------------------------+
; 3:1                ; 8 bits    ; 16 LEs        ; 8 LEs                ; 8 LEs                  ; Yes        ; |riscv_soc_altera|leds_buffer[0]                                     ;
; 3:1                ; 57 bits   ; 114 LEs       ; 57 LEs               ; 57 LEs                 ; Yes        ; |riscv_soc_altera|riscv:CPU|DE_rdId[4]                               ;
; 3:1                ; 19 bits   ; 38 LEs        ; 19 LEs               ; 19 LEs                 ; Yes        ; |riscv_soc_altera|riscv:CPU|FD_PC[0]                                 ;
; 4:1                ; 32 bits   ; 64 LEs        ; 64 LEs               ; 0 LEs                  ; Yes        ; |riscv_soc_altera|riscv:CPU|csr_registers:csr_reg|word_v[10]         ;
; 3:1                ; 30 bits   ; 60 LEs        ; 30 LEs               ; 30 LEs                 ; Yes        ; |riscv_soc_altera|riscv:CPU|fetch:pc_fetch|pc_addr[24]               ;
; 3:1                ; 8 bits    ; 16 LEs        ; 8 LEs                ; 8 LEs                  ; Yes        ; |riscv_soc_altera|uart_recv:UART_r_custom|shift_reg[0]               ;
; 3:1                ; 8 bits    ; 16 LEs        ; 8 LEs                ; 8 LEs                  ; Yes        ; |riscv_soc_altera|uart_recv:UART_r_custom|dout[1]                    ;
; 3:1                ; 5 bits    ; 10 LEs        ; 5 LEs                ; 5 LEs                  ; Yes        ; |riscv_soc_altera|riscv:CPU|state[0]                                 ;
; 4:1                ; 8 bits    ; 16 LEs        ; 16 LEs               ; 0 LEs                  ; Yes        ; |riscv_soc_altera|uart_send:UART_s_custom|bitcounter[3]              ;
; 4:1                ; 6 bits    ; 12 LEs        ; 6 LEs                ; 6 LEs                  ; Yes        ; |riscv_soc_altera|riscv:CPU|DE_imm[6]                                ;
; 4:1                ; 11 bits   ; 22 LEs        ; 22 LEs               ; 0 LEs                  ; Yes        ; |riscv_soc_altera|riscv:CPU|DE_imm[24]                               ;
; 4:1                ; 16 bits   ; 32 LEs        ; 32 LEs               ; 0 LEs                  ; Yes        ; |riscv_soc_altera|riscv:CPU|MW_WBdata[17]                            ;
; 4:1                ; 8 bits    ; 16 LEs        ; 8 LEs                ; 8 LEs                  ; Yes        ; |riscv_soc_altera|data_from_uart_b[4]                                ;
; 4:1                ; 2 bits    ; 4 LEs         ; 4 LEs                ; 0 LEs                  ; Yes        ; |riscv_soc_altera|uart_recv:UART_r_custom|div_cnt[1]                 ;
; 4:1                ; 32 bits   ; 64 LEs        ; 64 LEs               ; 0 LEs                  ; Yes        ; |riscv_soc_altera|timer_ctrl:time_ctrl|prog_cnt:count_prog|count[18] ;
; 5:1                ; 4 bits    ; 12 LEs        ; 8 LEs                ; 4 LEs                  ; Yes        ; |riscv_soc_altera|riscv:CPU|DE_imm[4]                                ;
; 5:1                ; 9 bits    ; 27 LEs        ; 18 LEs               ; 9 LEs                  ; Yes        ; |riscv_soc_altera|uart_send:UART_s_custom|div_cnt[10]                ;
; 5:1                ; 5 bits    ; 15 LEs        ; 10 LEs               ; 5 LEs                  ; Yes        ; |riscv_soc_altera|uart_recv:UART_r_custom|div_cnt[9]                 ;
; 6:1                ; 8 bits    ; 32 LEs        ; 16 LEs               ; 16 LEs                 ; Yes        ; |riscv_soc_altera|riscv:CPU|DE_imm[12]                               ;
; 6:1                ; 8 bits    ; 32 LEs        ; 24 LEs               ; 8 LEs                  ; Yes        ; |riscv_soc_altera|riscv:CPU|MW_WBdata[8]                             ;
; 8:1                ; 4 bits    ; 20 LEs        ; 8 LEs                ; 12 LEs                 ; Yes        ; |riscv_soc_altera|uart_recv:UART_r_custom|bitcounter[1]              ;
; 14:1               ; 2 bits    ; 18 LEs        ; 14 LEs               ; 4 LEs                  ; Yes        ; |riscv_soc_altera|riscv:CPU|MW_WBdata[6]                             ;
; 14:1               ; 4 bits    ; 36 LEs        ; 32 LEs               ; 4 LEs                  ; Yes        ; |riscv_soc_altera|riscv:CPU|MW_WBdata[3]                             ;
; 119:1              ; 8 bits    ; 632 LEs       ; 400 LEs              ; 232 LEs                ; Yes        ; |riscv_soc_altera|riscv:CPU|EM_Eresult[23]                           ;
; 119:1              ; 7 bits    ; 553 LEs       ; 350 LEs              ; 203 LEs                ; Yes        ; |riscv_soc_altera|riscv:CPU|EM_Eresult[8]                            ;
; 121:1              ; 4 bits    ; 320 LEs       ; 204 LEs              ; 116 LEs                ; Yes        ; |riscv_soc_altera|riscv:CPU|EM_Eresult[26]                           ;
; 121:1              ; 4 bits    ; 320 LEs       ; 204 LEs              ; 116 LEs                ; Yes        ; |riscv_soc_altera|riscv:CPU|EM_Eresult[4]                            ;
; 123:1              ; 2 bits    ; 164 LEs       ; 104 LEs              ; 60 LEs                 ; Yes        ; |riscv_soc_altera|riscv:CPU|EM_Eresult[29]                           ;
; 123:1              ; 2 bits    ; 164 LEs       ; 106 LEs              ; 58 LEs                 ; Yes        ; |riscv_soc_altera|riscv:CPU|EM_Eresult[2]                            ;
; 4:1                ; 7 bits    ; 14 LEs        ; 14 LEs               ; 0 LEs                  ; Yes        ; |riscv_soc_altera|uart_send:UART_s_custom|shift_reg[2]               ;
; 4:1                ; 3 bits    ; 6 LEs         ; 3 LEs                ; 3 LEs                  ; Yes        ; |riscv_soc_altera|uart_recv:UART_r_custom|div_cnt[4]                 ;
; 5:1                ; 5 bits    ; 15 LEs        ; 10 LEs               ; 5 LEs                  ; Yes        ; |riscv_soc_altera|uart_recv:UART_r_custom|div_cnt[6]                 ;
; 16:1               ; 7 bits    ; 70 LEs        ; 14 LEs               ; 56 LEs                 ; No         ; |riscv_soc_altera|dm_rdata[10]                                       ;
; 16:1               ; 4 bits    ; 40 LEs        ; 8 LEs                ; 32 LEs                 ; No         ; |riscv_soc_altera|dm_rdata[18]                                       ;
; 7:1                ; 11 bits   ; 44 LEs        ; 22 LEs               ; 22 LEs                 ; No         ; |riscv_soc_altera|dm_rdata[19]                                       ;
; 8:1                ; 2 bits    ; 10 LEs        ; 8 LEs                ; 2 LEs                  ; No         ; |riscv_soc_altera|dm_wmask_v[2]                                      ;
+--------------------+-----------+---------------+----------------------+------------------------+------------+----------------------------------------------------------------------+


+--------------------------------------------------------------------------------------------------------------+
; Source assignments for riscv:CPU|registers:regs|altsyncram:registerFile_rtl_0|altsyncram_k8l1:auto_generated ;
+---------------------------------+--------------------+------+------------------------------------------------+
; Assignment                      ; Value              ; From ; To                                             ;
+---------------------------------+--------------------+------+------------------------------------------------+
; OPTIMIZE_POWER_DURING_SYNTHESIS ; NORMAL_COMPILATION ; -    ; -                                              ;
+---------------------------------+--------------------+------+------------------------------------------------+


+--------------------------------------------------------------------------------------------------------------+
; Source assignments for riscv:CPU|registers:regs|altsyncram:registerFile_rtl_1|altsyncram_k8l1:auto_generated ;
+---------------------------------+--------------------+------+------------------------------------------------+
; Assignment                      ; Value              ; From ; To                                             ;
+---------------------------------+--------------------+------+------------------------------------------------+
; OPTIMIZE_POWER_DURING_SYNTHESIS ; NORMAL_COMPILATION ; -    ; -                                              ;
+---------------------------------+--------------------+------+------------------------------------------------+


+------------------------------------------------------------------------------------------------+
; Source assignments for mem_rom:prog_rom|altsyncram:memory_rtl_0|altsyncram_8m61:auto_generated ;
+---------------------------------+--------------------+------+----------------------------------+
; Assignment                      ; Value              ; From ; To                               ;
+---------------------------------+--------------------+------+----------------------------------+
; OPTIMIZE_POWER_DURING_SYNTHESIS ; NORMAL_COMPILATION ; -    ; -                                ;
+---------------------------------+--------------------+------+----------------------------------+


+------------------------------------------------------------------------------------------------+
; Source assignments for mem_ram:data_ram|altsyncram:memory_rtl_0|altsyncram_11l1:auto_generated ;
+---------------------------------+--------------------+------+----------------------------------+
; Assignment                      ; Value              ; From ; To                               ;
+---------------------------------+--------------------+------+----------------------------------+
; OPTIMIZE_POWER_DURING_SYNTHESIS ; NORMAL_COMPILATION ; -    ; -                                ;
+---------------------------------+--------------------+------+----------------------------------+


+----------------------------------------------------------------------+
; Parameter Settings for User Entity Instance: uart_recv:UART_r_custom ;
+----------------+----------+------------------------------------------+
; Parameter Name ; Value    ; Type                                     ;
+----------------+----------+------------------------------------------+
; clk_frequ      ; 50000000 ; Signed Integer                           ;
; baudrate       ; 921600   ; Signed Integer                           ;
; data_size      ; 8        ; Signed Integer                           ;
+----------------+----------+------------------------------------------+
Note: In order to hide this table in the UI and the text report file, please set the "Show Parameter Settings in Synthesis Report" option in "Analysis and Synthesis Settings -> More Settings" to "Off".


+----------------------------------------------------------------------+
; Parameter Settings for User Entity Instance: uart_send:UART_s_custom ;
+----------------+----------+------------------------------------------+
; Parameter Name ; Value    ; Type                                     ;
+----------------+----------+------------------------------------------+
; clk_frequ      ; 50000000 ; Signed Integer                           ;
; baudrate       ; 921600   ; Signed Integer                           ;
; data_size      ; 8        ; Signed Integer                           ;
+----------------+----------+------------------------------------------+
Note: In order to hide this table in the UI and the text report file, please set the "Show Parameter Settings in Synthesis Report" option in "Analysis and Synthesis Settings -> More Settings" to "Off".


+---------------------------------------------------------------------------------------------------------+
; Parameter Settings for Inferred Entity Instance: riscv:CPU|registers:regs|altsyncram:registerFile_rtl_0 ;
+------------------------------------+------------------------------------------------+-------------------+
; Parameter Name                     ; Value                                          ; Type              ;
+------------------------------------+------------------------------------------------+-------------------+
; BYTE_SIZE_BLOCK                    ; 8                                              ; Untyped           ;
; AUTO_CARRY_CHAINS                  ; ON                                             ; AUTO_CARRY        ;
; IGNORE_CARRY_BUFFERS               ; OFF                                            ; IGNORE_CARRY      ;
; AUTO_CASCADE_CHAINS                ; ON                                             ; AUTO_CASCADE      ;
; IGNORE_CASCADE_BUFFERS             ; OFF                                            ; IGNORE_CASCADE    ;
; WIDTH_BYTEENA                      ; 1                                              ; Untyped           ;
; OPERATION_MODE                     ; DUAL_PORT                                      ; Untyped           ;
; WIDTH_A                            ; 32                                             ; Untyped           ;
; WIDTHAD_A                          ; 5                                              ; Untyped           ;
; NUMWORDS_A                         ; 32                                             ; Untyped           ;
; OUTDATA_REG_A                      ; UNREGISTERED                                   ; Untyped           ;
; ADDRESS_ACLR_A                     ; NONE                                           ; Untyped           ;
; OUTDATA_ACLR_A                     ; NONE                                           ; Untyped           ;
; WRCONTROL_ACLR_A                   ; NONE                                           ; Untyped           ;
; INDATA_ACLR_A                      ; NONE                                           ; Untyped           ;
; BYTEENA_ACLR_A                     ; NONE                                           ; Untyped           ;
; WIDTH_B                            ; 32                                             ; Untyped           ;
; WIDTHAD_B                          ; 5                                              ; Untyped           ;
; NUMWORDS_B                         ; 32                                             ; Untyped           ;
; INDATA_REG_B                       ; CLOCK1                                         ; Untyped           ;
; WRCONTROL_WRADDRESS_REG_B          ; CLOCK1                                         ; Untyped           ;
; RDCONTROL_REG_B                    ; CLOCK1                                         ; Untyped           ;
; ADDRESS_REG_B                      ; CLOCK0                                         ; Untyped           ;
; OUTDATA_REG_B                      ; UNREGISTERED                                   ; Untyped           ;
; BYTEENA_REG_B                      ; CLOCK1                                         ; Untyped           ;
; INDATA_ACLR_B                      ; NONE                                           ; Untyped           ;
; WRCONTROL_ACLR_B                   ; NONE                                           ; Untyped           ;
; ADDRESS_ACLR_B                     ; NONE                                           ; Untyped           ;
; OUTDATA_ACLR_B                     ; NONE                                           ; Untyped           ;
; RDCONTROL_ACLR_B                   ; NONE                                           ; Untyped           ;
; BYTEENA_ACLR_B                     ; NONE                                           ; Untyped           ;
; WIDTH_BYTEENA_A                    ; 1                                              ; Untyped           ;
; WIDTH_BYTEENA_B                    ; 1                                              ; Untyped           ;
; RAM_BLOCK_TYPE                     ; AUTO                                           ; Untyped           ;
; BYTE_SIZE                          ; 8                                              ; Untyped           ;
; READ_DURING_WRITE_MODE_MIXED_PORTS ; OLD_DATA                                       ; Untyped           ;
; READ_DURING_WRITE_MODE_PORT_A      ; NEW_DATA_NO_NBE_READ                           ; Untyped           ;
; READ_DURING_WRITE_MODE_PORT_B      ; NEW_DATA_NO_NBE_READ                           ; Untyped           ;
; INIT_FILE                          ; db/altera_de10.ram0_registers_6989617c.hdl.mif ; Untyped           ;
; INIT_FILE_LAYOUT                   ; PORT_A                                         ; Untyped           ;
; MAXIMUM_DEPTH                      ; 0                                              ; Untyped           ;
; CLOCK_ENABLE_INPUT_A               ; NORMAL                                         ; Untyped           ;
; CLOCK_ENABLE_INPUT_B               ; NORMAL                                         ; Untyped           ;
; CLOCK_ENABLE_OUTPUT_A              ; NORMAL                                         ; Untyped           ;
; CLOCK_ENABLE_OUTPUT_B              ; NORMAL                                         ; Untyped           ;
; CLOCK_ENABLE_CORE_A                ; USE_INPUT_CLKEN                                ; Untyped           ;
; CLOCK_ENABLE_CORE_B                ; USE_INPUT_CLKEN                                ; Untyped           ;
; ENABLE_ECC                         ; FALSE                                          ; Untyped           ;
; ECC_PIPELINE_STAGE_ENABLED         ; FALSE                                          ; Untyped           ;
; WIDTH_ECCSTATUS                    ; 3                                              ; Untyped           ;
; DEVICE_FAMILY                      ; MAX 10                                         ; Untyped           ;
; CBXI_PARAMETER                     ; altsyncram_k8l1                                ; Untyped           ;
+------------------------------------+------------------------------------------------+-------------------+
Note: In order to hide this table in the UI and the text report file, please set the "Show Parameter Settings in Synthesis Report" option in "Analysis and Synthesis Settings -> More Settings" to "Off".


+---------------------------------------------------------------------------------------------------------+
; Parameter Settings for Inferred Entity Instance: riscv:CPU|registers:regs|altsyncram:registerFile_rtl_1 ;
+------------------------------------+------------------------------------------------+-------------------+
; Parameter Name                     ; Value                                          ; Type              ;
+------------------------------------+------------------------------------------------+-------------------+
; BYTE_SIZE_BLOCK                    ; 8                                              ; Untyped           ;
; AUTO_CARRY_CHAINS                  ; ON                                             ; AUTO_CARRY        ;
; IGNORE_CARRY_BUFFERS               ; OFF                                            ; IGNORE_CARRY      ;
; AUTO_CASCADE_CHAINS                ; ON                                             ; AUTO_CASCADE      ;
; IGNORE_CASCADE_BUFFERS             ; OFF                                            ; IGNORE_CASCADE    ;
; WIDTH_BYTEENA                      ; 1                                              ; Untyped           ;
; OPERATION_MODE                     ; DUAL_PORT                                      ; Untyped           ;
; WIDTH_A                            ; 32                                             ; Untyped           ;
; WIDTHAD_A                          ; 5                                              ; Untyped           ;
; NUMWORDS_A                         ; 32                                             ; Untyped           ;
; OUTDATA_REG_A                      ; UNREGISTERED                                   ; Untyped           ;
; ADDRESS_ACLR_A                     ; NONE                                           ; Untyped           ;
; OUTDATA_ACLR_A                     ; NONE                                           ; Untyped           ;
; WRCONTROL_ACLR_A                   ; NONE                                           ; Untyped           ;
; INDATA_ACLR_A                      ; NONE                                           ; Untyped           ;
; BYTEENA_ACLR_A                     ; NONE                                           ; Untyped           ;
; WIDTH_B                            ; 32                                             ; Untyped           ;
; WIDTHAD_B                          ; 5                                              ; Untyped           ;
; NUMWORDS_B                         ; 32                                             ; Untyped           ;
; INDATA_REG_B                       ; CLOCK1                                         ; Untyped           ;
; WRCONTROL_WRADDRESS_REG_B          ; CLOCK1                                         ; Untyped           ;
; RDCONTROL_REG_B                    ; CLOCK1                                         ; Untyped           ;
; ADDRESS_REG_B                      ; CLOCK0                                         ; Untyped           ;
; OUTDATA_REG_B                      ; UNREGISTERED                                   ; Untyped           ;
; BYTEENA_REG_B                      ; CLOCK1                                         ; Untyped           ;
; INDATA_ACLR_B                      ; NONE                                           ; Untyped           ;
; WRCONTROL_ACLR_B                   ; NONE                                           ; Untyped           ;
; ADDRESS_ACLR_B                     ; NONE                                           ; Untyped           ;
; OUTDATA_ACLR_B                     ; NONE                                           ; Untyped           ;
; RDCONTROL_ACLR_B                   ; NONE                                           ; Untyped           ;
; BYTEENA_ACLR_B                     ; NONE                                           ; Untyped           ;
; WIDTH_BYTEENA_A                    ; 1                                              ; Untyped           ;
; WIDTH_BYTEENA_B                    ; 1                                              ; Untyped           ;
; RAM_BLOCK_TYPE                     ; AUTO                                           ; Untyped           ;
; BYTE_SIZE                          ; 8                                              ; Untyped           ;
; READ_DURING_WRITE_MODE_MIXED_PORTS ; OLD_DATA                                       ; Untyped           ;
; READ_DURING_WRITE_MODE_PORT_A      ; NEW_DATA_NO_NBE_READ                           ; Untyped           ;
; READ_DURING_WRITE_MODE_PORT_B      ; NEW_DATA_NO_NBE_READ                           ; Untyped           ;
; INIT_FILE                          ; db/altera_de10.ram0_registers_6989617c.hdl.mif ; Untyped           ;
; INIT_FILE_LAYOUT                   ; PORT_A                                         ; Untyped           ;
; MAXIMUM_DEPTH                      ; 0                                              ; Untyped           ;
; CLOCK_ENABLE_INPUT_A               ; NORMAL                                         ; Untyped           ;
; CLOCK_ENABLE_INPUT_B               ; NORMAL                                         ; Untyped           ;
; CLOCK_ENABLE_OUTPUT_A              ; NORMAL                                         ; Untyped           ;
; CLOCK_ENABLE_OUTPUT_B              ; NORMAL                                         ; Untyped           ;
; CLOCK_ENABLE_CORE_A                ; USE_INPUT_CLKEN                                ; Untyped           ;
; CLOCK_ENABLE_CORE_B                ; USE_INPUT_CLKEN                                ; Untyped           ;
; ENABLE_ECC                         ; FALSE                                          ; Untyped           ;
; ECC_PIPELINE_STAGE_ENABLED         ; FALSE                                          ; Untyped           ;
; WIDTH_ECCSTATUS                    ; 3                                              ; Untyped           ;
; DEVICE_FAMILY                      ; MAX 10                                         ; Untyped           ;
; CBXI_PARAMETER                     ; altsyncram_k8l1                                ; Untyped           ;
+------------------------------------+------------------------------------------------+-------------------+
Note: In order to hide this table in the UI and the text report file, please set the "Show Parameter Settings in Synthesis Report" option in "Analysis and Synthesis Settings -> More Settings" to "Off".


+----------------------------------------------------------------------------------------------------+
; Parameter Settings for Inferred Entity Instance: mem_rom:prog_rom|altsyncram:memory_rtl_0          ;
+------------------------------------+----------------------------------------------+----------------+
; Parameter Name                     ; Value                                        ; Type           ;
+------------------------------------+----------------------------------------------+----------------+
; BYTE_SIZE_BLOCK                    ; 8                                            ; Untyped        ;
; AUTO_CARRY_CHAINS                  ; ON                                           ; AUTO_CARRY     ;
; IGNORE_CARRY_BUFFERS               ; OFF                                          ; IGNORE_CARRY   ;
; AUTO_CASCADE_CHAINS                ; ON                                           ; AUTO_CASCADE   ;
; IGNORE_CASCADE_BUFFERS             ; OFF                                          ; IGNORE_CASCADE ;
; WIDTH_BYTEENA                      ; 1                                            ; Untyped        ;
; OPERATION_MODE                     ; ROM                                          ; Untyped        ;
; WIDTH_A                            ; 32                                           ; Untyped        ;
; WIDTHAD_A                          ; 13                                           ; Untyped        ;
; NUMWORDS_A                         ; 8192                                         ; Untyped        ;
; OUTDATA_REG_A                      ; UNREGISTERED                                 ; Untyped        ;
; ADDRESS_ACLR_A                     ; NONE                                         ; Untyped        ;
; OUTDATA_ACLR_A                     ; NONE                                         ; Untyped        ;
; WRCONTROL_ACLR_A                   ; NONE                                         ; Untyped        ;
; INDATA_ACLR_A                      ; NONE                                         ; Untyped        ;
; BYTEENA_ACLR_A                     ; NONE                                         ; Untyped        ;
; WIDTH_B                            ; 1                                            ; Untyped        ;
; WIDTHAD_B                          ; 1                                            ; Untyped        ;
; NUMWORDS_B                         ; 1                                            ; Untyped        ;
; INDATA_REG_B                       ; CLOCK1                                       ; Untyped        ;
; WRCONTROL_WRADDRESS_REG_B          ; CLOCK1                                       ; Untyped        ;
; RDCONTROL_REG_B                    ; CLOCK1                                       ; Untyped        ;
; ADDRESS_REG_B                      ; CLOCK1                                       ; Untyped        ;
; OUTDATA_REG_B                      ; UNREGISTERED                                 ; Untyped        ;
; BYTEENA_REG_B                      ; CLOCK1                                       ; Untyped        ;
; INDATA_ACLR_B                      ; NONE                                         ; Untyped        ;
; WRCONTROL_ACLR_B                   ; NONE                                         ; Untyped        ;
; ADDRESS_ACLR_B                     ; NONE                                         ; Untyped        ;
; OUTDATA_ACLR_B                     ; NONE                                         ; Untyped        ;
; RDCONTROL_ACLR_B                   ; NONE                                         ; Untyped        ;
; BYTEENA_ACLR_B                     ; NONE                                         ; Untyped        ;
; WIDTH_BYTEENA_A                    ; 1                                            ; Untyped        ;
; WIDTH_BYTEENA_B                    ; 1                                            ; Untyped        ;
; RAM_BLOCK_TYPE                     ; AUTO                                         ; Untyped        ;
; BYTE_SIZE                          ; 8                                            ; Untyped        ;
; READ_DURING_WRITE_MODE_MIXED_PORTS ; DONT_CARE                                    ; Untyped        ;
; READ_DURING_WRITE_MODE_PORT_A      ; NEW_DATA_NO_NBE_READ                         ; Untyped        ;
; READ_DURING_WRITE_MODE_PORT_B      ; NEW_DATA_NO_NBE_READ                         ; Untyped        ;
; INIT_FILE                          ; db/altera_de10.ram0_mem_rom_5f5131cf.hdl.mif ; Untyped        ;
; INIT_FILE_LAYOUT                   ; PORT_A                                       ; Untyped        ;
; MAXIMUM_DEPTH                      ; 0                                            ; Untyped        ;
; CLOCK_ENABLE_INPUT_A               ; NORMAL                                       ; Untyped        ;
; CLOCK_ENABLE_INPUT_B               ; NORMAL                                       ; Untyped        ;
; CLOCK_ENABLE_OUTPUT_A              ; NORMAL                                       ; Untyped        ;
; CLOCK_ENABLE_OUTPUT_B              ; NORMAL                                       ; Untyped        ;
; CLOCK_ENABLE_CORE_A                ; USE_INPUT_CLKEN                              ; Untyped        ;
; CLOCK_ENABLE_CORE_B                ; USE_INPUT_CLKEN                              ; Untyped        ;
; ENABLE_ECC                         ; FALSE                                        ; Untyped        ;
; ECC_PIPELINE_STAGE_ENABLED         ; FALSE                                        ; Untyped        ;
; WIDTH_ECCSTATUS                    ; 3                                            ; Untyped        ;
; DEVICE_FAMILY                      ; MAX 10                                       ; Untyped        ;
; CBXI_PARAMETER                     ; altsyncram_8m61                              ; Untyped        ;
+------------------------------------+----------------------------------------------+----------------+
Note: In order to hide this table in the UI and the text report file, please set the "Show Parameter Settings in Synthesis Report" option in "Analysis and Synthesis Settings -> More Settings" to "Off".


+----------------------------------------------------------------------------------------------------+
; Parameter Settings for Inferred Entity Instance: mem_ram:data_ram|altsyncram:memory_rtl_0          ;
+------------------------------------+----------------------------------------------+----------------+
; Parameter Name                     ; Value                                        ; Type           ;
+------------------------------------+----------------------------------------------+----------------+
; BYTE_SIZE_BLOCK                    ; 8                                            ; Untyped        ;
; AUTO_CARRY_CHAINS                  ; ON                                           ; AUTO_CARRY     ;
; IGNORE_CARRY_BUFFERS               ; OFF                                          ; IGNORE_CARRY   ;
; AUTO_CASCADE_CHAINS                ; ON                                           ; AUTO_CASCADE   ;
; IGNORE_CASCADE_BUFFERS             ; OFF                                          ; IGNORE_CASCADE ;
; WIDTH_BYTEENA                      ; 1                                            ; Untyped        ;
; OPERATION_MODE                     ; DUAL_PORT                                    ; Untyped        ;
; WIDTH_A                            ; 32                                           ; Untyped        ;
; WIDTHAD_A                          ; 14                                           ; Untyped        ;
; NUMWORDS_A                         ; 16384                                        ; Untyped        ;
; OUTDATA_REG_A                      ; UNREGISTERED                                 ; Untyped        ;
; ADDRESS_ACLR_A                     ; NONE                                         ; Untyped        ;
; OUTDATA_ACLR_A                     ; NONE                                         ; Untyped        ;
; WRCONTROL_ACLR_A                   ; NONE                                         ; Untyped        ;
; INDATA_ACLR_A                      ; NONE                                         ; Untyped        ;
; BYTEENA_ACLR_A                     ; NONE                                         ; Untyped        ;
; WIDTH_B                            ; 32                                           ; Untyped        ;
; WIDTHAD_B                          ; 14                                           ; Untyped        ;
; NUMWORDS_B                         ; 16384                                        ; Untyped        ;
; INDATA_REG_B                       ; CLOCK1                                       ; Untyped        ;
; WRCONTROL_WRADDRESS_REG_B          ; CLOCK1                                       ; Untyped        ;
; RDCONTROL_REG_B                    ; CLOCK1                                       ; Untyped        ;
; ADDRESS_REG_B                      ; CLOCK1                                       ; Untyped        ;
; OUTDATA_REG_B                      ; UNREGISTERED                                 ; Untyped        ;
; BYTEENA_REG_B                      ; CLOCK1                                       ; Untyped        ;
; INDATA_ACLR_B                      ; NONE                                         ; Untyped        ;
; WRCONTROL_ACLR_B                   ; NONE                                         ; Untyped        ;
; ADDRESS_ACLR_B                     ; NONE                                         ; Untyped        ;
; OUTDATA_ACLR_B                     ; NONE                                         ; Untyped        ;
; RDCONTROL_ACLR_B                   ; NONE                                         ; Untyped        ;
; BYTEENA_ACLR_B                     ; NONE                                         ; Untyped        ;
; WIDTH_BYTEENA_A                    ; 4                                            ; Untyped        ;
; WIDTH_BYTEENA_B                    ; 1                                            ; Untyped        ;
; RAM_BLOCK_TYPE                     ; AUTO                                         ; Untyped        ;
; BYTE_SIZE                          ; 8                                            ; Untyped        ;
; READ_DURING_WRITE_MODE_MIXED_PORTS ; DONT_CARE                                    ; Untyped        ;
; READ_DURING_WRITE_MODE_PORT_A      ; NEW_DATA_NO_NBE_READ                         ; Untyped        ;
; READ_DURING_WRITE_MODE_PORT_B      ; NEW_DATA_NO_NBE_READ                         ; Untyped        ;
; INIT_FILE                          ; db/altera_de10.ram0_mem_ram_5f5133fc.hdl.mif ; Untyped        ;
; INIT_FILE_LAYOUT                   ; PORT_A                                       ; Untyped        ;
; MAXIMUM_DEPTH                      ; 0                                            ; Untyped        ;
; CLOCK_ENABLE_INPUT_A               ; NORMAL                                       ; Untyped        ;
; CLOCK_ENABLE_INPUT_B               ; NORMAL                                       ; Untyped        ;
; CLOCK_ENABLE_OUTPUT_A              ; NORMAL                                       ; Untyped        ;
; CLOCK_ENABLE_OUTPUT_B              ; NORMAL                                       ; Untyped        ;
; CLOCK_ENABLE_CORE_A                ; USE_INPUT_CLKEN                              ; Untyped        ;
; CLOCK_ENABLE_CORE_B                ; USE_INPUT_CLKEN                              ; Untyped        ;
; ENABLE_ECC                         ; FALSE                                        ; Untyped        ;
; ECC_PIPELINE_STAGE_ENABLED         ; FALSE                                        ; Untyped        ;
; WIDTH_ECCSTATUS                    ; 3                                            ; Untyped        ;
; DEVICE_FAMILY                      ; MAX 10                                       ; Untyped        ;
; CBXI_PARAMETER                     ; altsyncram_11l1                              ; Untyped        ;
+------------------------------------+----------------------------------------------+----------------+
Note: In order to hide this table in the UI and the text report file, please set the "Show Parameter Settings in Synthesis Report" option in "Analysis and Synthesis Settings -> More Settings" to "Off".


+----------------------------------------------------------------------------------------------------+
; altsyncram Parameter Settings by Entity Instance                                                   ;
+-------------------------------------------+--------------------------------------------------------+
; Name                                      ; Value                                                  ;
+-------------------------------------------+--------------------------------------------------------+
; Number of entity instances                ; 4                                                      ;
; Entity Instance                           ; riscv:CPU|registers:regs|altsyncram:registerFile_rtl_0 ;
;     -- OPERATION_MODE                     ; DUAL_PORT                                              ;
;     -- WIDTH_A                            ; 32                                                     ;
;     -- NUMWORDS_A                         ; 32                                                     ;
;     -- OUTDATA_REG_A                      ; UNREGISTERED                                           ;
;     -- WIDTH_B                            ; 32                                                     ;
;     -- NUMWORDS_B                         ; 32                                                     ;
;     -- ADDRESS_REG_B                      ; CLOCK0                                                 ;
;     -- OUTDATA_REG_B                      ; UNREGISTERED                                           ;
;     -- RAM_BLOCK_TYPE                     ; AUTO                                                   ;
;     -- READ_DURING_WRITE_MODE_MIXED_PORTS ; OLD_DATA                                               ;
; Entity Instance                           ; riscv:CPU|registers:regs|altsyncram:registerFile_rtl_1 ;
;     -- OPERATION_MODE                     ; DUAL_PORT                                              ;
;     -- WIDTH_A                            ; 32                                                     ;
;     -- NUMWORDS_A                         ; 32                                                     ;
;     -- OUTDATA_REG_A                      ; UNREGISTERED                                           ;
;     -- WIDTH_B                            ; 32                                                     ;
;     -- NUMWORDS_B                         ; 32                                                     ;
;     -- ADDRESS_REG_B                      ; CLOCK0                                                 ;
;     -- OUTDATA_REG_B                      ; UNREGISTERED                                           ;
;     -- RAM_BLOCK_TYPE                     ; AUTO                                                   ;
;     -- READ_DURING_WRITE_MODE_MIXED_PORTS ; OLD_DATA                                               ;
; Entity Instance                           ; mem_rom:prog_rom|altsyncram:memory_rtl_0               ;
;     -- OPERATION_MODE                     ; ROM                                                    ;
;     -- WIDTH_A                            ; 32                                                     ;
;     -- NUMWORDS_A                         ; 8192                                                   ;
;     -- OUTDATA_REG_A                      ; UNREGISTERED                                           ;
;     -- WIDTH_B                            ; 1                                                      ;
;     -- NUMWORDS_B                         ; 1                                                      ;
;     -- ADDRESS_REG_B                      ; CLOCK1                                                 ;
;     -- OUTDATA_REG_B                      ; UNREGISTERED                                           ;
;     -- RAM_BLOCK_TYPE                     ; AUTO                                                   ;
;     -- READ_DURING_WRITE_MODE_MIXED_PORTS ; DONT_CARE                                              ;
; Entity Instance                           ; mem_ram:data_ram|altsyncram:memory_rtl_0               ;
;     -- OPERATION_MODE                     ; DUAL_PORT                                              ;
;     -- WIDTH_A                            ; 32                                                     ;
;     -- NUMWORDS_A                         ; 16384                                                  ;
;     -- OUTDATA_REG_A                      ; UNREGISTERED                                           ;
;     -- WIDTH_B                            ; 32                                                     ;
;     -- NUMWORDS_B                         ; 16384                                                  ;
;     -- ADDRESS_REG_B                      ; CLOCK1                                                 ;
;     -- OUTDATA_REG_B                      ; UNREGISTERED                                           ;
;     -- RAM_BLOCK_TYPE                     ; AUTO                                                   ;
;     -- READ_DURING_WRITE_MODE_MIXED_PORTS ; DONT_CARE                                              ;
+-------------------------------------------+--------------------------------------------------------+


+----------------------------------------------+
; Port Connectivity Checks: "mem_rom:prog_rom" ;
+--------+-------+----------+------------------+
; Port   ; Type  ; Severity ; Details          ;
+--------+-------+----------+------------------+
; enable ; Input ; Info     ; Stuck at VCC     ;
+--------+-------+----------+------------------+


+----------------------------------------------------------------------------------------------------------------------+
; Port Connectivity Checks: "riscv:CPU|decoder:dec"                                                                    ;
+------------+--------+----------+-------------------------------------------------------------------------------------+
; Port       ; Type   ; Severity ; Details                                                                             ;
+------------+--------+----------+-------------------------------------------------------------------------------------+
; issystem_o ; Output ; Info     ; Connected to dangling logic. Logic that only feeds a dangling port will be removed. ;
+------------+--------+----------+-------------------------------------------------------------------------------------+


+---------------------------------------------------------------------------------------------------------------------------+
; Port Connectivity Checks: "riscv:CPU"                                                                                     ;
+-----------------+--------+----------+-------------------------------------------------------------------------------------+
; Port            ; Type   ; Severity ; Details                                                                             ;
+-----------------+--------+----------+-------------------------------------------------------------------------------------+
; im_addr[31..15] ; Output ; Info     ; Connected to dangling logic. Logic that only feeds a dangling port will be removed. ;
; dm_addr[31..28] ; Output ; Info     ; Connected to dangling logic. Logic that only feeds a dangling port will be removed. ;
; dm_addr[23..16] ; Output ; Info     ; Connected to dangling logic. Logic that only feeds a dangling port will be removed. ;
+-----------------+--------+----------+-------------------------------------------------------------------------------------+


+-----------------------------------------------------+
; Post-Synthesis Netlist Statistics for Top Partition ;
+-----------------------+-----------------------------+
; Type                  ; Count                       ;
+-----------------------+-----------------------------+
; boundary_port         ; 25                          ;
; cycloneiii_ff         ; 872                         ;
;     ENA               ; 400                         ;
;     ENA CLR           ; 32                          ;
;     ENA SCLR          ; 53                          ;
;     SCLR              ; 186                         ;
;     plain             ; 201                         ;
; cycloneiii_lcell_comb ; 2561                        ;
;     arith             ; 555                         ;
;         2 data inputs ; 306                         ;
;         3 data inputs ; 249                         ;
;     normal            ; 2006                        ;
;         1 data inputs ; 16                          ;
;         2 data inputs ; 165                         ;
;         3 data inputs ; 695                         ;
;         4 data inputs ; 1130                        ;
; cycloneiii_ram_block  ; 158                         ;
;                       ;                             ;
; Max LUT depth         ; 11.00                       ;
; Average LUT depth     ; 4.84                        ;
+-----------------------+-----------------------------+


+-------------------------------+
; Elapsed Time Per Partition    ;
+----------------+--------------+
; Partition Name ; Elapsed Time ;
+----------------+--------------+
; Top            ; 00:00:13     ;
+----------------+--------------+


+-------------------------------+
; Analysis & Synthesis Messages ;
+-------------------------------+
Info: *******************************************************************
Info: Running Quartus Prime Analysis & Synthesis
    Info: Version 24.1std.0 Build 1077 03/04/2025 SC Lite Edition
    Info: Processing started: Fri Apr 17 14:19:39 2026
Info: Command: quartus_map --read_settings_files=on --write_settings_files=off altera_de10 -c altera_de10
Info (16303): Aggressive Performance optimization mode selected -- timing performance will be prioritized at the potential cost of increased logic area and compilation time
Warning (18236): Number of processors has not been specified which may cause overloading on shared machines.  Set the global assignment NUM_PARALLEL_PROCESSORS in your QSF to an appropriate value for best performance.
Info (20030): Parallel compilation is enabled and will use 6 of the 6 processors detected
Info (12021): Found 2 design units, including 1 entities, in source file /users/elo/candre/Documents/RISC-V/enssat-2a-riscv-design-student/src/IPs/timer/timer_ctrl.vhd
    Info (12022): Found design unit 1: timer_ctrl-arch File: /users/elo/candre/Documents/RISC-V/enssat-2a-riscv-design-student/src/IPs/timer/timer_ctrl.vhd Line: 17
    Info (12023): Found entity 1: timer_ctrl File: /users/elo/candre/Documents/RISC-V/enssat-2a-riscv-design-student/src/IPs/timer/timer_ctrl.vhd Line: 5
Info (12021): Found 2 design units, including 1 entities, in source file /users/elo/candre/Documents/RISC-V/enssat-2a-riscv-design-student/src/IPs/timer/prog_cnt.vhd
    Info (12022): Found design unit 1: prog_cnt-arch File: /users/elo/candre/Documents/RISC-V/enssat-2a-riscv-design-student/src/IPs/timer/prog_cnt.vhd Line: 16
    Info (12023): Found entity 1: prog_cnt File: /users/elo/candre/Documents/RISC-V/enssat-2a-riscv-design-student/src/IPs/timer/prog_cnt.vhd Line: 5
Info (12021): Found 2 design units, including 1 entities, in source file /users/elo/candre/Documents/RISC-V/enssat-2a-riscv-design-student/src/IPs/timer/cycle_cnt.vhd
    Info (12022): Found design unit 1: cycle_cnt-arch File: /users/elo/candre/Documents/RISC-V/enssat-2a-riscv-design-student/src/IPs/timer/cycle_cnt.vhd Line: 14
    Info (12023): Found entity 1: cycle_cnt File: /users/elo/candre/Documents/RISC-V/enssat-2a-riscv-design-student/src/IPs/timer/cycle_cnt.vhd Line: 5
Info (12021): Found 2 design units, including 1 entities, in source file /users/elo/candre/Documents/RISC-V/enssat-2a-riscv-design-student/src/riscv/store/mem_store.vhd
    Info (12022): Found design unit 1: mem_store-arch File: /users/elo/candre/Documents/RISC-V/enssat-2a-riscv-design-student/src/riscv/store/mem_store.vhd Line: 19
    Info (12023): Found entity 1: mem_store File: /users/elo/candre/Documents/RISC-V/enssat-2a-riscv-design-student/src/riscv/store/mem_store.vhd Line: 7
Info (12021): Found 1 design units, including 0 entities, in source file /users/elo/candre/Documents/RISC-V/enssat-2a-riscv-design-student/src/riscv/store/mem_store_pkg.vhd
    Info (12022): Found design unit 1: mem_store_pkg File: /users/elo/candre/Documents/RISC-V/enssat-2a-riscv-design-student/src/riscv/store/mem_store_pkg.vhd Line: 7
Info (12021): Found 1 design units, including 0 entities, in source file /users/elo/candre/Documents/RISC-V/enssat-2a-riscv-design-student/src/riscv/rom/mem_rom_pkg.vhd
    Info (12022): Found design unit 1: mem_rom_pkg File: /users/elo/candre/Documents/RISC-V/enssat-2a-riscv-design-student/src/riscv/rom/mem_rom_pkg.vhd Line: 8
Info (12021): Found 2 design units, including 1 entities, in source file /users/elo/candre/Documents/RISC-V/enssat-2a-riscv-design-student/src/riscv/rom/mem_rom.vhd
    Info (12022): Found design unit 1: mem_rom-arch File: /users/elo/candre/Documents/RISC-V/enssat-2a-riscv-design-student/src/riscv/rom/mem_rom.vhd Line: 20
    Info (12023): Found entity 1: mem_rom File: /users/elo/candre/Documents/RISC-V/enssat-2a-riscv-design-student/src/riscv/rom/mem_rom.vhd Line: 10
Info (12021): Found 1 design units, including 0 entities, in source file /users/elo/candre/Documents/RISC-V/enssat-2a-riscv-design-student/src/riscv/regs/registers_pkg.vhd
    Info (12022): Found design unit 1: registers_pkg File: /users/elo/candre/Documents/RISC-V/enssat-2a-riscv-design-student/src/riscv/regs/registers_pkg.vhd Line: 6
Info (12021): Found 2 design units, including 1 entities, in source file /users/elo/candre/Documents/RISC-V/enssat-2a-riscv-design-student/src/riscv/regs/registers.vhd
    Info (12022): Found design unit 1: registers-arch File: /users/elo/candre/Documents/RISC-V/enssat-2a-riscv-design-student/src/riscv/regs/registers.vhd Line: 23
    Info (12023): Found entity 1: registers File: /users/elo/candre/Documents/RISC-V/enssat-2a-riscv-design-student/src/riscv/regs/registers.vhd Line: 6
Info (12021): Found 1 design units, including 0 entities, in source file /users/elo/candre/Documents/RISC-V/enssat-2a-riscv-design-student/src/riscv/ram/mem_ram_pkg.vhd
    Info (12022): Found design unit 1: mem_ram_pkg File: /users/elo/candre/Documents/RISC-V/enssat-2a-riscv-design-student/src/riscv/ram/mem_ram_pkg.vhd Line: 8
Info (12021): Found 2 design units, including 1 entities, in source file /users/elo/candre/Documents/RISC-V/enssat-2a-riscv-design-student/src/riscv/ram/mem_ram_altera.vhd
    Info (12022): Found design unit 1: mem_ram-arch File: /users/elo/candre/Documents/RISC-V/enssat-2a-riscv-design-student/src/riscv/ram/mem_ram_altera.vhd Line: 21
    Info (12023): Found entity 1: mem_ram File: /users/elo/candre/Documents/RISC-V/enssat-2a-riscv-design-student/src/riscv/ram/mem_ram_altera.vhd Line: 9
Info (12021): Found 2 design units, including 1 entities, in source file /users/elo/candre/Documents/RISC-V/enssat-2a-riscv-design-student/src/riscv/load/mem_load.vhd
    Info (12022): Found design unit 1: mem_load-arch File: /users/elo/candre/Documents/RISC-V/enssat-2a-riscv-design-student/src/riscv/load/mem_load.vhd Line: 18
    Info (12023): Found entity 1: mem_load File: /users/elo/candre/Documents/RISC-V/enssat-2a-riscv-design-student/src/riscv/load/mem_load.vhd Line: 6
Info (12021): Found 1 design units, including 0 entities, in source file /users/elo/candre/Documents/RISC-V/enssat-2a-riscv-design-student/src/riscv/load/mem_load_pkg.vhd
    Info (12022): Found design unit 1: mem_load_pkg File: /users/elo/candre/Documents/RISC-V/enssat-2a-riscv-design-student/src/riscv/load/mem_load_pkg.vhd Line: 6
Info (12021): Found 1 design units, including 0 entities, in source file /users/elo/candre/Documents/RISC-V/enssat-2a-riscv-design-student/src/riscv/imm/immediate_pkg.vhd
    Info (12022): Found design unit 1: immediate_pkg File: /users/elo/candre/Documents/RISC-V/enssat-2a-riscv-design-student/src/riscv/imm/immediate_pkg.vhd Line: 5
Info (12021): Found 2 design units, including 1 entities, in source file /users/elo/candre/Documents/RISC-V/enssat-2a-riscv-design-student/src/riscv/imm/immediate.vhd
    Info (12022): Found design unit 1: immediate-arch File: /users/elo/candre/Documents/RISC-V/enssat-2a-riscv-design-student/src/riscv/imm/immediate.vhd Line: 19
    Info (12023): Found entity 1: immediate File: /users/elo/candre/Documents/RISC-V/enssat-2a-riscv-design-student/src/riscv/imm/immediate.vhd Line: 5
Info (12021): Found 2 design units, including 1 entities, in source file /users/elo/candre/Documents/RISC-V/enssat-2a-riscv-design-student/src/riscv/fetch/fetch.vhd
    Info (12022): Found design unit 1: fetch-arch File: /users/elo/candre/Documents/RISC-V/enssat-2a-riscv-design-student/src/riscv/fetch/fetch.vhd Line: 18
    Info (12023): Found entity 1: fetch File: /users/elo/candre/Documents/RISC-V/enssat-2a-riscv-design-student/src/riscv/fetch/fetch.vhd Line: 5
Info (12021): Found 1 design units, including 0 entities, in source file /users/elo/candre/Documents/RISC-V/enssat-2a-riscv-design-student/src/riscv/fetch/fetch_pkg.vhd
    Info (12022): Found design unit 1: fetch_pkg File: /users/elo/candre/Documents/RISC-V/enssat-2a-riscv-design-student/src/riscv/fetch/fetch_pkg.vhd Line: 7
Info (12021): Found 2 design units, including 1 entities, in source file /users/elo/candre/Documents/RISC-V/enssat-2a-riscv-design-student/src/riscv/fetch/next_pc.vhd
    Info (12022): Found design unit 1: next_pc-arch File: /users/elo/candre/Documents/RISC-V/enssat-2a-riscv-design-student/src/riscv/fetch/next_pc.vhd Line: 17
    Info (12023): Found entity 1: next_pc File: /users/elo/candre/Documents/RISC-V/enssat-2a-riscv-design-student/src/riscv/fetch/next_pc.vhd Line: 5
Info (12021): Found 1 design units, including 0 entities, in source file /users/elo/candre/Documents/RISC-V/enssat-2a-riscv-design-student/src/riscv/decode/decoder_pkg.vhd
    Info (12022): Found design unit 1: decoder_pkg File: /users/elo/candre/Documents/RISC-V/enssat-2a-riscv-design-student/src/riscv/decode/decoder_pkg.vhd Line: 6
Info (12021): Found 2 design units, including 1 entities, in source file /users/elo/candre/Documents/RISC-V/enssat-2a-riscv-design-student/src/riscv/decode/decoder.vhd
    Info (12022): Found design unit 1: decoder-arch File: /users/elo/candre/Documents/RISC-V/enssat-2a-riscv-design-student/src/riscv/decode/decoder.vhd Line: 40
    Info (12023): Found entity 1: decoder File: /users/elo/candre/Documents/RISC-V/enssat-2a-riscv-design-student/src/riscv/decode/decoder.vhd Line: 6
Info (12021): Found 1 design units, including 0 entities, in source file /users/elo/candre/Documents/RISC-V/enssat-2a-riscv-design-student/src/riscv/csr/csr_registers_pkg.vhd
    Info (12022): Found design unit 1: csr_registers_pkg File: /users/elo/candre/Documents/RISC-V/enssat-2a-riscv-design-student/src/riscv/csr/csr_registers_pkg.vhd Line: 8
Info (12021): Found 2 design units, including 1 entities, in source file /users/elo/candre/Documents/RISC-V/enssat-2a-riscv-design-student/src/riscv/csr/csr_registers.vhd
    Info (12022): Found design unit 1: csr_registers-arch File: /users/elo/candre/Documents/RISC-V/enssat-2a-riscv-design-student/src/riscv/csr/csr_registers.vhd Line: 19
    Info (12023): Found entity 1: csr_registers File: /users/elo/candre/Documents/RISC-V/enssat-2a-riscv-design-student/src/riscv/csr/csr_registers.vhd Line: 8
Info (12021): Found 2 design units, including 1 entities, in source file /users/elo/candre/Documents/RISC-V/enssat-2a-riscv-design-student/src/riscv/csr/cnt_instr.vhd
    Info (12022): Found design unit 1: cnt_instr-arch File: /users/elo/candre/Documents/RISC-V/enssat-2a-riscv-design-student/src/riscv/csr/cnt_instr.vhd Line: 18
    Info (12023): Found entity 1: cnt_instr File: /users/elo/candre/Documents/RISC-V/enssat-2a-riscv-design-student/src/riscv/csr/cnt_instr.vhd Line: 8
Info (12021): Found 2 design units, including 1 entities, in source file /users/elo/candre/Documents/RISC-V/enssat-2a-riscv-design-student/src/riscv/csr/cnt_cycles.vhd
    Info (12022): Found design unit 1: cnt_cycles-arch File: /users/elo/candre/Documents/RISC-V/enssat-2a-riscv-design-student/src/riscv/csr/cnt_cycles.vhd Line: 17
    Info (12023): Found entity 1: cnt_cycles File: /users/elo/candre/Documents/RISC-V/enssat-2a-riscv-design-student/src/riscv/csr/cnt_cycles.vhd Line: 8
Info (12021): Found 1 design units, including 0 entities, in source file /users/elo/candre/Documents/RISC-V/enssat-2a-riscv-design-student/src/riscv/alu/alu_pkg.vhd
    Info (12022): Found design unit 1: alu_pkg File: /users/elo/candre/Documents/RISC-V/enssat-2a-riscv-design-student/src/riscv/alu/alu_pkg.vhd Line: 5
Info (12021): Found 2 design units, including 1 entities, in source file /users/elo/candre/Documents/RISC-V/enssat-2a-riscv-design-student/src/riscv/alu/alu.vhd
    Info (12022): Found design unit 1: alu-arch File: /users/elo/candre/Documents/RISC-V/enssat-2a-riscv-design-student/src/riscv/alu/alu.vhd Line: 23
    Info (12023): Found entity 1: alu File: /users/elo/candre/Documents/RISC-V/enssat-2a-riscv-design-student/src/riscv/alu/alu.vhd Line: 5
Info (12021): Found 2 design units, including 1 entities, in source file /users/elo/candre/Documents/RISC-V/enssat-2a-riscv-design-student/src/riscv/riscv.vhd
    Info (12022): Found design unit 1: riscv-arch File: /users/elo/candre/Documents/RISC-V/enssat-2a-riscv-design-student/src/riscv/riscv.vhd Line: 40
    Info (12023): Found entity 1: riscv File: /users/elo/candre/Documents/RISC-V/enssat-2a-riscv-design-student/src/riscv/riscv.vhd Line: 22
Info (12021): Found 2 design units, including 0 entities, in source file /users/elo/candre/Documents/RISC-V/enssat-2a-riscv-design-student/src/riscv/riscv_types.vhd
    Info (12022): Found design unit 1: riscv_types File: /users/elo/candre/Documents/RISC-V/enssat-2a-riscv-design-student/src/riscv/riscv_types.vhd Line: 6
    Info (12022): Found design unit 2: riscv_types-body File: /users/elo/candre/Documents/RISC-V/enssat-2a-riscv-design-student/src/riscv/riscv_types.vhd Line: 171
Info (12021): Found 2 design units, including 0 entities, in source file /users/elo/candre/Documents/RISC-V/enssat-2a-riscv-design-student/src/soc/riscv_config_altera.vhd
    Info (12022): Found design unit 1: riscv_config File: /users/elo/candre/Documents/RISC-V/enssat-2a-riscv-design-student/src/soc/riscv_config_altera.vhd Line: 6
    Info (12022): Found design unit 2: riscv_config-body File: /users/elo/candre/Documents/RISC-V/enssat-2a-riscv-design-student/src/soc/riscv_config_altera.vhd Line: 31
Info (12021): Found 2 design units, including 1 entities, in source file /users/elo/candre/Documents/RISC-V/enssat-2a-riscv-design-student/src/soc/riscv_soc_altera.vhd
    Info (12022): Found design unit 1: riscv_soc_altera-arch File: /users/elo/candre/Documents/RISC-V/enssat-2a-riscv-design-student/src/soc/riscv_soc_altera.vhd Line: 20
    Info (12023): Found entity 1: riscv_soc_altera File: /users/elo/candre/Documents/RISC-V/enssat-2a-riscv-design-student/src/soc/riscv_soc_altera.vhd Line: 9
Info (12021): Found 2 design units, including 1 entities, in source file /users/elo/candre/Documents/RISC-V/enssat-2a-riscv-design-student/src/IPs/uart/uart_send_altera.vhd
    Info (12022): Found design unit 1: uart_send-arch File: /users/elo/candre/Documents/RISC-V/enssat-2a-riscv-design-student/src/IPs/uart/uart_send_altera.vhd Line: 34
    Info (12023): Found entity 1: uart_send File: /users/elo/candre/Documents/RISC-V/enssat-2a-riscv-design-student/src/IPs/uart/uart_send_altera.vhd Line: 22
Info (12021): Found 2 design units, including 1 entities, in source file /users/elo/candre/Documents/RISC-V/enssat-2a-riscv-design-student/src/IPs/uart/uart_recv_altera.vhd
    Info (12022): Found design unit 1: uart_recv-arch File: /users/elo/candre/Documents/RISC-V/enssat-2a-riscv-design-student/src/IPs/uart/uart_recv_altera.vhd Line: 32
    Info (12023): Found entity 1: uart_recv File: /users/elo/candre/Documents/RISC-V/enssat-2a-riscv-design-student/src/IPs/uart/uart_recv_altera.vhd Line: 21
Info (12127): Elaborating entity "riscv_soc_altera" for the top level hierarchy
Warning (10036): Verilog HDL or VHDL warning at riscv_soc_altera.vhd(80): object "IO_wordaddr" assigned a value but never read File: /users/elo/candre/Documents/RISC-V/enssat-2a-riscv-design-student/src/soc/riscv_soc_altera.vhd Line: 80
Info (12128): Elaborating entity "timer_ctrl" for hierarchy "timer_ctrl:time_ctrl" File: /users/elo/candre/Documents/RISC-V/enssat-2a-riscv-design-student/src/soc/riscv_soc_altera.vhd Line: 185
Info (12128): Elaborating entity "cycle_cnt" for hierarchy "timer_ctrl:time_ctrl|cycle_cnt:count_cycles" File: /users/elo/candre/Documents/RISC-V/enssat-2a-riscv-design-student/src/IPs/timer/timer_ctrl.vhd Line: 56
Info (12128): Elaborating entity "prog_cnt" for hierarchy "timer_ctrl:time_ctrl|prog_cnt:count_prog" File: /users/elo/candre/Documents/RISC-V/enssat-2a-riscv-design-student/src/IPs/timer/timer_ctrl.vhd Line: 63
Info (12128): Elaborating entity "riscv" for hierarchy "riscv:CPU" File: /users/elo/candre/Documents/RISC-V/enssat-2a-riscv-design-student/src/soc/riscv_soc_altera.vhd Line: 210
Warning (10036): Verilog HDL or VHDL warning at riscv.vhd(207): object "D_isSYSTEM" assigned a value but never read File: /users/elo/candre/Documents/RISC-V/enssat-2a-riscv-design-student/src/riscv/riscv.vhd Line: 207
Info (12128): Elaborating entity "fetch" for hierarchy "riscv:CPU|fetch:pc_fetch" File: /users/elo/candre/Documents/RISC-V/enssat-2a-riscv-design-student/src/riscv/riscv.vhd Line: 353
Info (12128): Elaborating entity "decoder" for hierarchy "riscv:CPU|decoder:dec" File: /users/elo/candre/Documents/RISC-V/enssat-2a-riscv-design-student/src/riscv/riscv.vhd Line: 390
Info (12128): Elaborating entity "immediate" for hierarchy "riscv:CPU|immediate:imm" File: /users/elo/candre/Documents/RISC-V/enssat-2a-riscv-design-student/src/riscv/riscv.vhd Line: 418
Info (12128): Elaborating entity "registers" for hierarchy "riscv:CPU|registers:regs" File: /users/elo/candre/Documents/RISC-V/enssat-2a-riscv-design-student/src/riscv/riscv.vhd Line: 495
Info (12128): Elaborating entity "alu" for hierarchy "riscv:CPU|alu:i_alu" File: /users/elo/candre/Documents/RISC-V/enssat-2a-riscv-design-student/src/riscv/riscv.vhd Line: 518
Info (12128): Elaborating entity "mem_store" for hierarchy "riscv:CPU|mem_store:mem_str" File: /users/elo/candre/Documents/RISC-V/enssat-2a-riscv-design-student/src/riscv/riscv.vhd Line: 540
Info (12128): Elaborating entity "csr_registers" for hierarchy "riscv:CPU|csr_registers:csr_reg" File: /users/elo/candre/Documents/RISC-V/enssat-2a-riscv-design-student/src/riscv/riscv.vhd Line: 557
Info (12128): Elaborating entity "cnt_cycles" for hierarchy "riscv:CPU|csr_registers:csr_reg|cnt_cycles:count_cycles" File: /users/elo/candre/Documents/RISC-V/enssat-2a-riscv-design-student/src/riscv/csr/csr_registers.vhd Line: 58
Info (12128): Elaborating entity "cnt_instr" for hierarchy "riscv:CPU|csr_registers:csr_reg|cnt_instr:count_instr" File: /users/elo/candre/Documents/RISC-V/enssat-2a-riscv-design-student/src/riscv/csr/csr_registers.vhd Line: 66
Info (12128): Elaborating entity "mem_load" for hierarchy "riscv:CPU|mem_load:mem_ld" File: /users/elo/candre/Documents/RISC-V/enssat-2a-riscv-design-student/src/riscv/riscv.vhd Line: 634
Info (12128): Elaborating entity "mem_rom" for hierarchy "mem_rom:prog_rom" File: /users/elo/candre/Documents/RISC-V/enssat-2a-riscv-design-student/src/soc/riscv_soc_altera.vhd Line: 232
Info (12128): Elaborating entity "mem_ram" for hierarchy "mem_ram:data_ram" File: /users/elo/candre/Documents/RISC-V/enssat-2a-riscv-design-student/src/soc/riscv_soc_altera.vhd Line: 242
Info (12128): Elaborating entity "uart_recv" for hierarchy "uart_recv:UART_r_custom" File: /users/elo/candre/Documents/RISC-V/enssat-2a-riscv-design-student/src/soc/riscv_soc_altera.vhd Line: 273
Info (12128): Elaborating entity "uart_send" for hierarchy "uart_send:UART_s_custom" File: /users/elo/candre/Documents/RISC-V/enssat-2a-riscv-design-student/src/soc/riscv_soc_altera.vhd Line: 292
Warning (276027): Inferred dual-clock RAM node "mem_ram:data_ram|memory_rtl_0" from synchronous design logic.  The read-during-write behavior of a dual-clock RAM is undefined and may not match the behavior of the original design.
Info (19000): Inferred 4 megafunctions from design logic
    Info (276029): Inferred altsyncram megafunction from the following design logic: "riscv:CPU|registers:regs|registerFile_rtl_0" 
        Info (286033): Parameter OPERATION_MODE set to DUAL_PORT
        Info (286033): Parameter WIDTH_A set to 32
        Info (286033): Parameter WIDTHAD_A set to 5
        Info (286033): Parameter NUMWORDS_A set to 32
        Info (286033): Parameter WIDTH_B set to 32
        Info (286033): Parameter WIDTHAD_B set to 5
        Info (286033): Parameter NUMWORDS_B set to 32
        Info (286033): Parameter ADDRESS_ACLR_A set to NONE
        Info (286033): Parameter OUTDATA_REG_B set to UNREGISTERED
        Info (286033): Parameter ADDRESS_ACLR_B set to NONE
        Info (286033): Parameter OUTDATA_ACLR_B set to NONE
        Info (286033): Parameter ADDRESS_REG_B set to CLOCK0
        Info (286033): Parameter INDATA_ACLR_A set to NONE
        Info (286033): Parameter WRCONTROL_ACLR_A set to NONE
        Info (286033): Parameter INIT_FILE set to db/altera_de10.ram0_registers_6989617c.hdl.mif
        Info (286033): Parameter READ_DURING_WRITE_MODE_MIXED_PORTS set to OLD_DATA
    Info (276029): Inferred altsyncram megafunction from the following design logic: "riscv:CPU|registers:regs|registerFile_rtl_1" 
        Info (286033): Parameter OPERATION_MODE set to DUAL_PORT
        Info (286033): Parameter WIDTH_A set to 32
        Info (286033): Parameter WIDTHAD_A set to 5
        Info (286033): Parameter NUMWORDS_A set to 32
        Info (286033): Parameter WIDTH_B set to 32
        Info (286033): Parameter WIDTHAD_B set to 5
        Info (286033): Parameter NUMWORDS_B set to 32
        Info (286033): Parameter ADDRESS_ACLR_A set to NONE
        Info (286033): Parameter OUTDATA_REG_B set to UNREGISTERED
        Info (286033): Parameter ADDRESS_ACLR_B set to NONE
        Info (286033): Parameter OUTDATA_ACLR_B set to NONE
        Info (286033): Parameter ADDRESS_REG_B set to CLOCK0
        Info (286033): Parameter INDATA_ACLR_A set to NONE
        Info (286033): Parameter WRCONTROL_ACLR_A set to NONE
        Info (286033): Parameter INIT_FILE set to db/altera_de10.ram0_registers_6989617c.hdl.mif
        Info (286033): Parameter READ_DURING_WRITE_MODE_MIXED_PORTS set to OLD_DATA
    Info (276029): Inferred altsyncram megafunction from the following design logic: "mem_rom:prog_rom|memory_rtl_0" 
        Info (286033): Parameter OPERATION_MODE set to ROM
        Info (286033): Parameter WIDTH_A set to 32
        Info (286033): Parameter WIDTHAD_A set to 13
        Info (286033): Parameter NUMWORDS_A set to 8192
        Info (286033): Parameter OUTDATA_REG_A set to UNREGISTERED
        Info (286033): Parameter ADDRESS_ACLR_A set to NONE
        Info (286033): Parameter OUTDATA_ACLR_A set to NONE
        Info (286033): Parameter INDATA_ACLR_A set to NONE
        Info (286033): Parameter WRCONTROL_ACLR_A set to NONE
        Info (286033): Parameter INIT_FILE set to db/altera_de10.ram0_mem_rom_5f5131cf.hdl.mif
    Info (276029): Inferred altsyncram megafunction from the following design logic: "mem_ram:data_ram|memory_rtl_0" 
        Info (286033): Parameter OPERATION_MODE set to DUAL_PORT
        Info (286033): Parameter WIDTH_A set to 32
        Info (286033): Parameter WIDTHAD_A set to 14
        Info (286033): Parameter NUMWORDS_A set to 16384
        Info (286033): Parameter WIDTH_B set to 32
        Info (286033): Parameter WIDTHAD_B set to 14
        Info (286033): Parameter NUMWORDS_B set to 16384
        Info (286033): Parameter WIDTH_BYTEENA_A set to 4
        Info (286033): Parameter ADDRESS_ACLR_A set to NONE
        Info (286033): Parameter OUTDATA_REG_B set to UNREGISTERED
        Info (286033): Parameter ADDRESS_ACLR_B set to NONE
        Info (286033): Parameter OUTDATA_ACLR_B set to NONE
        Info (286033): Parameter ADDRESS_REG_B set to CLOCK1
        Info (286033): Parameter INDATA_ACLR_A set to NONE
        Info (286033): Parameter WRCONTROL_ACLR_A set to NONE
        Info (286033): Parameter INIT_FILE set to db/altera_de10.ram0_mem_ram_5f5133fc.hdl.mif
Info (12130): Elaborated megafunction instantiation "riscv:CPU|registers:regs|altsyncram:registerFile_rtl_0"
Info (12133): Instantiated megafunction "riscv:CPU|registers:regs|altsyncram:registerFile_rtl_0" with the following parameter:
    Info (12134): Parameter "OPERATION_MODE" = "DUAL_PORT"
    Info (12134): Parameter "WIDTH_A" = "32"
    Info (12134): Parameter "WIDTHAD_A" = "5"
    Info (12134): Parameter "NUMWORDS_A" = "32"
    Info (12134): Parameter "WIDTH_B" = "32"
    Info (12134): Parameter "WIDTHAD_B" = "5"
    Info (12134): Parameter "NUMWORDS_B" = "32"
    Info (12134): Parameter "ADDRESS_ACLR_A" = "NONE"
    Info (12134): Parameter "OUTDATA_REG_B" = "UNREGISTERED"
    Info (12134): Parameter "ADDRESS_ACLR_B" = "NONE"
    Info (12134): Parameter "OUTDATA_ACLR_B" = "NONE"
    Info (12134): Parameter "ADDRESS_REG_B" = "CLOCK0"
    Info (12134): Parameter "INDATA_ACLR_A" = "NONE"
    Info (12134): Parameter "WRCONTROL_ACLR_A" = "NONE"
    Info (12134): Parameter "INIT_FILE" = "db/altera_de10.ram0_registers_6989617c.hdl.mif"
    Info (12134): Parameter "READ_DURING_WRITE_MODE_MIXED_PORTS" = "OLD_DATA"
Info (12021): Found 1 design units, including 1 entities, in source file db/altsyncram_k8l1.tdf
    Info (12023): Found entity 1: altsyncram_k8l1 File: /users/elo/candre/Documents/RISC-V/enssat-2a-riscv-design-student/altera/db/altsyncram_k8l1.tdf Line: 28
Info (12130): Elaborated megafunction instantiation "mem_rom:prog_rom|altsyncram:memory_rtl_0"
Info (12133): Instantiated megafunction "mem_rom:prog_rom|altsyncram:memory_rtl_0" with the following parameter:
    Info (12134): Parameter "OPERATION_MODE" = "ROM"
    Info (12134): Parameter "WIDTH_A" = "32"
    Info (12134): Parameter "WIDTHAD_A" = "13"
    Info (12134): Parameter "NUMWORDS_A" = "8192"
    Info (12134): Parameter "OUTDATA_REG_A" = "UNREGISTERED"
    Info (12134): Parameter "ADDRESS_ACLR_A" = "NONE"
    Info (12134): Parameter "OUTDATA_ACLR_A" = "NONE"
    Info (12134): Parameter "INDATA_ACLR_A" = "NONE"
    Info (12134): Parameter "WRCONTROL_ACLR_A" = "NONE"
    Info (12134): Parameter "INIT_FILE" = "db/altera_de10.ram0_mem_rom_5f5131cf.hdl.mif"
Info (12021): Found 1 design units, including 1 entities, in source file db/altsyncram_8m61.tdf
    Info (12023): Found entity 1: altsyncram_8m61 File: /users/elo/candre/Documents/RISC-V/enssat-2a-riscv-design-student/altera/db/altsyncram_8m61.tdf Line: 28
Info (12130): Elaborated megafunction instantiation "mem_ram:data_ram|altsyncram:memory_rtl_0"
Info (12133): Instantiated megafunction "mem_ram:data_ram|altsyncram:memory_rtl_0" with the following parameter:
    Info (12134): Parameter "OPERATION_MODE" = "DUAL_PORT"
    Info (12134): Parameter "WIDTH_A" = "32"
    Info (12134): Parameter "WIDTHAD_A" = "14"
    Info (12134): Parameter "NUMWORDS_A" = "16384"
    Info (12134): Parameter "WIDTH_B" = "32"
    Info (12134): Parameter "WIDTHAD_B" = "14"
    Info (12134): Parameter "NUMWORDS_B" = "16384"
    Info (12134): Parameter "WIDTH_BYTEENA_A" = "4"
    Info (12134): Parameter "ADDRESS_ACLR_A" = "NONE"
    Info (12134): Parameter "OUTDATA_REG_B" = "UNREGISTERED"
    Info (12134): Parameter "ADDRESS_ACLR_B" = "NONE"
    Info (12134): Parameter "OUTDATA_ACLR_B" = "NONE"
    Info (12134): Parameter "ADDRESS_REG_B" = "CLOCK1"
    Info (12134): Parameter "INDATA_ACLR_A" = "NONE"
    Info (12134): Parameter "WRCONTROL_ACLR_A" = "NONE"
    Info (12134): Parameter "INIT_FILE" = "db/altera_de10.ram0_mem_ram_5f5133fc.hdl.mif"
Info (12021): Found 1 design units, including 1 entities, in source file db/altsyncram_11l1.tdf
    Info (12023): Found entity 1: altsyncram_11l1 File: /users/elo/candre/Documents/RISC-V/enssat-2a-riscv-design-student/altera/db/altsyncram_11l1.tdf Line: 32
Info (12021): Found 1 design units, including 1 entities, in source file db/decode_97a.tdf
    Info (12023): Found entity 1: decode_97a File: /users/elo/candre/Documents/RISC-V/enssat-2a-riscv-design-student/altera/db/decode_97a.tdf Line: 23
Info (12021): Found 1 design units, including 1 entities, in source file db/mux_63b.tdf
    Info (12023): Found entity 1: mux_63b File: /users/elo/candre/Documents/RISC-V/enssat-2a-riscv-design-student/altera/db/mux_63b.tdf Line: 23
Warning (14284): Synthesized away the following node(s):
    Warning (14285): Synthesized away the following RAM node(s):
        Warning (14320): Synthesized away node "mem_rom:prog_rom|altsyncram:memory_rtl_0|altsyncram_8m61:auto_generated|ram_block1a0" File: /users/elo/candre/Documents/RISC-V/enssat-2a-riscv-design-student/altera/db/altsyncram_8m61.tdf Line: 35
        Warning (14320): Synthesized away node "mem_rom:prog_rom|altsyncram:memory_rtl_0|altsyncram_8m61:auto_generated|ram_block1a1" File: /users/elo/candre/Documents/RISC-V/enssat-2a-riscv-design-student/altera/db/altsyncram_8m61.tdf Line: 56
Info (286030): Timing-Driven Synthesis is running
Info (128000): Starting physical synthesis optimizations for speed
Critical Warning (332012): Synopsys Design Constraints File file not found: 'altera_de10.sdc'. A Synopsys Design Constraints File is required by the Timing Analyzer to get proper timing constraints. Without it, the Compiler will not properly optimize the design.
Info (332144): No user constrained base clocks found in the design
Info (332143): No user constrained clock uncertainty found in the design. Calling "derive_clock_uncertainty"
Info (332154): The derive_clock_uncertainty command did not apply clock uncertainty to any clock-to-clock transfers.
Info (332128): Timing requirements not specified -- optimizing circuit to achieve the following default global requirements
    Info (332127): Assuming a default timing requirement
Info (332111): Found 1 clocks
    Info (332111):   Period   Clock Name
    Info (332111): ======== ============
    Info (332111):    1.000        CLOCK
Info (128002): Starting physical synthesis algorithm register retiming
Info (128003): Physical synthesis algorithm register retiming complete: estimated slack improvement of 1056 ps
Info (128002): Starting physical synthesis algorithm combinational resynthesis using boolean division
Info (128003): Physical synthesis algorithm combinational resynthesis using boolean division complete: estimated slack improvement of 685 ps
Info (128001): Physical synthesis optimizations for speed complete: elapsed time is 00:00:03
Info (16010): Generating hard_block partition "hard_block:auto_generated_inst"
    Info (16011): Adding 0 node(s), including 0 DDIO, 0 PLL, 0 transceiver and 0 LCELL
Info (21057): Implemented 2912 device resources after synthesis - the final resource count might be different
    Info (21058): Implemented 14 input pins
    Info (21059): Implemented 11 output pins
    Info (21061): Implemented 2729 logic cells
    Info (21064): Implemented 158 RAM segments
Info: Quartus Prime Analysis & Synthesis was successful. 0 errors, 9 warnings
    Info: Peak virtual memory: 594 megabytes
    Info: Processing ended: Fri Apr 17 14:20:03 2026
    Info: Elapsed time: 00:00:24
    Info: Total CPU time (on all processors): 00:00:27


